Feature,Effect,Importance
numeric__ContractValue,0.17717897218264023,0.17717897218264023
numeric__tenure,0.1279081199131917,0.1279081199131917
numeric__TotalCharges,0.08766636010439256,0.08766636010439256
categorical__OnlineSecurity_No,0.07588640340009681,0.07588640340009681
categorical__TechSupport_No,0.06714755346751304,0.06714755346751304
categorical__InternetService_Fiber optic,0.06549439743007017,0.06549439743007017
numeric__MonthlyCharges,0.05014984378484762,0.05014984378484762
categorical__PaymentMethod_Electronic check,0.031579478248946184,0.031579478248946184
categorical__OnlineBackup_No,0.027217133329626504,0.027217133329626504
categorical__InternetService_DSL,0.021543331425279505,0.021543331425279505
categorical__OnlineSecurity_Yes,0.01973269928128876,0.01973269928128876
numeric__AutomaticPayment,0.018460213238762145,0.018460213238762145
categorical__TechSupport_Yes,0.016467531279506502,0.016467531279506502
categorical__TechSupport_No internet service,0.013436182560901407,0.013436182560901407
numeric__NumServices,0.013341202473198656,0.013341202473198656
categorical__InternetService_No,0.011671166547527227,0.011671166547527227
numeric__HasInternetService,0.011645910252814976,0.011645910252814976
categorical__PaperlessBilling_Yes,0.010722364288393484,0.010722364288393484
categorical__StreamingMovies_No internet service,0.009813792310789158,0.009813792310789158
categorical__DeviceProtection_No,0.009640952871727677,0.009640952871727677
categorical__OnlineSecurity_No internet service,0.009538650276028305,0.009538650276028305
categorical__StreamingTV_No internet service,0.009297044667720907,0.009297044667720907
categorical__DeviceProtection_No internet service,0.009038593498614737,0.009038593498614737
categorical__PaperlessBilling_No,0.00893358924490535,0.00893358924490535
categorical__OnlineBackup_No internet service,0.008484706278873287,0.008484706278873287
categorical__OnlineBackup_Yes,0.006253711457015496,0.006253711457015496
categorical__PaymentMethod_Credit card (automatic),0.00524363244531519,0.00524363244531519
categorical__Dependents_Yes,0.005150827582561595,0.005150827582561595
categorical__Dependents_No,0.0051297878936760275,0.0051297878936760275
categorical__Partner_Yes,0.005015586357531178,0.005015586357531178
categorical__StreamingTV_No,0.0049289488866828286,0.0049289488866828286
categorical__MultipleLines_Yes,0.004816434924692846,0.004816434924692846
categorical__Partner_No,0.004740754444871822,0.004740754444871822
categorical__StreamingMovies_No,0.004687971039886019,0.004687971039886019
categorical__DeviceProtection_Yes,0.004468062737257986,0.004468062737257986
categorical__MultipleLines_No,0.004438971889164315,0.004438971889164315
categorical__StreamingMovies_Yes,0.004437764141688856,0.004437764141688856
categorical__StreamingTV_Yes,0.004419620398192614,0.004419620398192614
categorical__gender_Female,0.004340682893456804,0.004340682893456804
categorical__gender_Male,0.0041816947397283364,0.0041816947397283364
categorical__PaymentMethod_Bank transfer (automatic),0.0041422469633414375,0.0041422469633414375
categorical__PaymentMethod_Mailed check,0.0031888291024262778,0.0031888291024262778
numeric__SeniorCitizen,0.002814117109094804,0.002814117109094804
categorical__PhoneService_No,0.0018939792184283664,0.0018939792184283664
categorical__PhoneService_Yes,0.001861515965812885,0.001861515965812885
categorical__MultipleLines_No phone service,0.0018486674515174975,0.0018486674515174975
