customerID,gender,Churn,ChurnValue,tenure,TenureGroup,Contract,InternetService,PaymentMethod,MonthlyCharges,TotalCharges,SeniorCitizen,AutomaticPayment,ChurnProbability,Prediction,PredictionType
2545-EBUPK,Female,No,0,2,0-12 months,Month-to-month,Fiber optic,Electronic check,84.05,186.05,1,0,0.8100872528051657,1,False Positive
6630-UJZMY,Female,No,0,4,0-12 months,Month-to-month,Fiber optic,Electronic check,83.25,308.05,1,0,0.8069763516784517,1,False Positive
8161-QYMTT,Male,No,0,7,0-12 months,Month-to-month,Fiber optic,Electronic check,94.1,701.3,0,0,0.8048467942838986,1,False Positive
4115-NZRKS,Female,No,0,7,0-12 months,Month-to-month,Fiber optic,Electronic check,89.15,574.35,1,0,0.7808144582621258,1,False Positive
3320-VEOYC,Male,No,0,14,13-24 months,Month-to-month,Fiber optic,Electronic check,95.6,1273.3,1,0,0.7795946463127688,1,False Positive
8739-XNIKG,Female,No,0,5,0-12 months,Month-to-month,Fiber optic,Electronic check,84.0,424.75,0,0,0.7670076193023594,1,False Positive
6969-MVBAI,Female,No,0,9,0-12 months,Month-to-month,Fiber optic,Electronic check,90.1,816.8,1,0,0.7536755945926731,1,False Positive
4927-WWOOZ,Male,No,0,2,0-12 months,Month-to-month,Fiber optic,Electronic check,91.45,171.45,0,0,0.7527614765897059,1,False Positive
9334-GWGOW,Male,No,0,7,0-12 months,Month-to-month,Fiber optic,Electronic check,74.85,485.25,1,0,0.7402295881719864,1,False Positive
2985-FMWYF,Female,No,0,23,13-24 months,Month-to-month,Fiber optic,Electronic check,93.5,2341.55,0,0,0.7374415178435192,1,False Positive
2077-MPJQO,Male,No,0,7,0-12 months,Month-to-month,Fiber optic,Electronic check,75.4,533.05,1,0,0.7351771281228724,1,False Positive
4090-KPJIP,Female,No,0,3,0-12 months,Month-to-month,Fiber optic,Electronic check,74.95,212.4,0,0,0.7244451801191875,1,False Positive
5382-SOYZL,Male,No,0,22,13-24 months,Month-to-month,Fiber optic,Electronic check,95.1,2162.6,0,0,0.7242328384952295,1,False Positive
8775-ERLNB,Male,No,0,1,0-12 months,Month-to-month,Fiber optic,Electronic check,74.3,74.3,1,0,0.7211912693433515,1,False Positive
3338-CVVEH,Male,No,0,12,0-12 months,Month-to-month,Fiber optic,Electronic check,94.55,1173.55,0,0,0.7168845754231403,1,False Positive
8622-ZLFKO,Female,No,0,6,0-12 months,Month-to-month,Fiber optic,Electronic check,90.75,512.25,0,0,0.7152501501023082,1,False Positive
8541-QVFKM,Female,No,0,8,0-12 months,Month-to-month,Fiber optic,Electronic check,73.5,632.2,0,0,0.7151753537704495,1,False Positive
1628-BIZYP,Male,No,0,1,0-12 months,Month-to-month,Fiber optic,Electronic check,85.0,85.0,0,0,0.7102811362671471,1,False Positive
3030-YDNRM,Male,No,0,8,0-12 months,Month-to-month,Fiber optic,Electronic check,74.85,572.45,0,0,0.7004736195261904,1,False Positive
7363-QTBIW,Female,No,0,9,0-12 months,Month-to-month,Fiber optic,Electronic check,79.75,769.1,0,0,0.6973891847691445,1,False Positive
5542-TBBWB,Male,No,0,1,0-12 months,Month-to-month,Fiber optic,Electronic check,69.9,69.9,0,0,0.69699173722035,1,False Positive
6507-ZJSUR,Male,No,0,23,13-24 months,Month-to-month,Fiber optic,Electronic check,90.45,2117.25,1,0,0.6945397461709011,1,False Positive
4445-ZJNMU,Male,No,0,9,0-12 months,Month-to-month,Fiber optic,Credit card (automatic),99.3,918.75,0,1,0.6900096936074037,1,False Positive
3199-XGZCY,Female,No,0,8,0-12 months,Month-to-month,Fiber optic,Electronic check,75.25,576.7,0,0,0.687925689776369,1,False Positive
1016-DJTSV,Male,No,0,8,0-12 months,Month-to-month,Fiber optic,Electronic check,69.7,572.85,1,0,0.6856643469277468,1,False Positive
9717-QEBGU,Male,No,0,2,0-12 months,Month-to-month,Fiber optic,Electronic check,70.3,144.0,0,0,0.6846277465906638,1,False Positive
5628-FCGYG,Male,No,0,21,13-24 months,Month-to-month,Fiber optic,Electronic check,84.1,1737.45,0,0,0.6845116665956695,1,False Positive
7354-OIJLX,Male,No,0,9,0-12 months,Month-to-month,Fiber optic,Electronic check,75.85,724.65,0,0,0.6833042346827056,1,False Positive
3292-PBZEJ,Male,No,0,11,0-12 months,Month-to-month,Fiber optic,Electronic check,111.4,1183.05,1,0,0.6829683627575833,1,False Positive
2439-LYPMQ,Male,No,0,38,37-48 months,Month-to-month,Fiber optic,Electronic check,102.6,4009.2,1,0,0.677901930364716,1,False Positive
2754-SDJRD,Female,No,0,8,0-12 months,Month-to-month,Fiber optic,Credit card (automatic),100.15,908.55,1,1,0.6732204055310946,1,False Positive
6077-BDPXA,Female,No,0,3,0-12 months,Month-to-month,Fiber optic,Electronic check,70.15,194.2,0,0,0.671680869534087,1,False Positive
9279-CJEOJ,Female,No,0,21,13-24 months,Month-to-month,Fiber optic,Bank transfer (automatic),95.4,2025.1,1,1,0.6657450906675437,1,False Positive
2665-NPTGL,Female,No,0,26,25-36 months,Month-to-month,Fiber optic,Bank transfer (automatic),98.1,2510.7,1,1,0.6643875294925836,1,False Positive
6856-RAURS,Female,No,0,2,0-12 months,Month-to-month,Fiber optic,Mailed check,74.9,136.05,0,0,0.6585660438040124,1,False Positive
8873-GLDMH,Female,No,0,6,0-12 months,Month-to-month,Fiber optic,Mailed check,73.85,401.3,0,0,0.6449141493382611,1,False Positive
1475-VWVDO,Male,No,0,7,0-12 months,Month-to-month,Fiber optic,Electronic check,74.9,490.55,0,0,0.6436618875264302,1,False Positive
4301-VVZKA,Male,No,0,16,13-24 months,Month-to-month,Fiber optic,Electronic check,75.4,1189.4,0,0,0.6424957370328347,1,False Positive
2254-DLXRI,Female,No,0,1,0-12 months,Month-to-month,Fiber optic,Mailed check,79.15,79.15,0,0,0.6403339474475179,1,False Positive
1751-NCDLI,Male,No,0,46,37-48 months,Month-to-month,Fiber optic,Electronic check,98.85,4564.9,1,0,0.6385010475638646,1,False Positive
8266-VBFQL,Male,No,0,4,0-12 months,Month-to-month,Fiber optic,Electronic check,90.4,356.65,0,0,0.634176967229662,1,False Positive
1302-UHBDD,Male,No,0,20,13-24 months,Month-to-month,Fiber optic,Electronic check,89.95,1648.45,1,0,0.6339311267381099,1,False Positive
9741-YLNTD,Male,No,0,6,0-12 months,Month-to-month,Fiber optic,Bank transfer (automatic),87.95,522.35,0,1,0.6334684803656648,1,False Positive
0581-BXBUB,Female,No,0,4,0-12 months,Month-to-month,Fiber optic,Electronic check,72.75,317.75,1,0,0.6270021213981914,1,False Positive
8709-KRDVL,Female,No,0,33,25-36 months,Month-to-month,Fiber optic,Electronic check,100.0,3320.6,0,0,0.6249980314575543,1,False Positive
9054-FOWNV,Male,No,0,22,13-24 months,Month-to-month,Fiber optic,Electronic check,88.75,1885.15,0,0,0.6224617180757368,1,False Positive
6705-LXORM,Female,No,0,5,0-12 months,Month-to-month,Fiber optic,Electronic check,70.05,302.6,1,0,0.6214535188239498,1,False Positive
0432-CAJZV,Male,No,0,3,0-12 months,Month-to-month,Fiber optic,Mailed check,90.7,237.65,0,0,0.620851381045123,1,False Positive
3365-SAIGS,Female,No,0,17,13-24 months,Month-to-month,Fiber optic,Electronic check,83.55,1329.15,0,0,0.6116964204026741,1,False Positive
1379-FRVEB,Male,No,0,15,13-24 months,Month-to-month,Fiber optic,Electronic check,91.0,1430.05,0,0,0.609972688180904,1,False Positive
4983-CCWMC,Male,No,0,3,0-12 months,Month-to-month,Fiber optic,Mailed check,69.6,207.4,0,0,0.6094612374244016,1,False Positive
0258-NOKBL,Male,No,0,3,0-12 months,Month-to-month,Fiber optic,Electronic check,90.4,268.45,0,0,0.6078161428965604,1,False Positive
1658-TJVOA,Female,No,0,6,0-12 months,Month-to-month,Fiber optic,Electronic check,74.1,450.9,1,0,0.6072990372369981,1,False Positive
7928-VJYAB,Male,No,0,11,0-12 months,Month-to-month,Fiber optic,Electronic check,90.6,1020.2,0,0,0.6052152256559642,1,False Positive
5442-BHQNG,Female,No,0,2,0-12 months,Month-to-month,Fiber optic,Electronic check,70.35,139.25,0,0,0.601342484741533,1,False Positive
5339-PXDVH,Male,No,0,4,0-12 months,Month-to-month,Fiber optic,Electronic check,90.65,367.95,0,0,0.5994648146195137,1,False Positive
4029-HPFVY,Male,No,0,3,0-12 months,Month-to-month,Fiber optic,Mailed check,70.3,220.4,0,0,0.5988951208961227,1,False Positive
4686-UXDML,Female,No,0,21,13-24 months,Month-to-month,Fiber optic,Credit card (automatic),99.85,1992.55,0,1,0.5988238213827515,1,False Positive
6137-NICCO,Female,No,0,6,0-12 months,Month-to-month,Fiber optic,Mailed check,94.05,518.75,0,0,0.5968127951397941,1,False Positive
5144-TVGLP,Male,No,0,38,37-48 months,Month-to-month,Fiber optic,Electronic check,94.75,3653.0,1,0,0.5965464037523704,1,False Positive
8818-DOPVL,Female,No,0,46,37-48 months,Month-to-month,Fiber optic,Electronic check,104.45,4863.85,1,0,0.5943221580926744,1,False Positive
7278-CKDNC,Male,No,0,24,13-24 months,Month-to-month,Fiber optic,Electronic check,80.5,2088.45,1,0,0.5923161192986148,1,False Positive
2187-PKZAY,Male,No,0,12,0-12 months,Month-to-month,Fiber optic,Bank transfer (automatic),79.95,1043.4,0,1,0.5897599192036853,1,False Positive
0749-IRGQE,Female,No,0,13,13-24 months,Month-to-month,DSL,Electronic check,45.3,528.45,1,0,0.5897378652622355,1,False Positive
6175-IRFIT,Male,No,0,5,0-12 months,Month-to-month,Fiber optic,Mailed check,78.75,426.35,0,0,0.5895921939700501,1,False Positive
2325-NBPZG,Female,No,0,3,0-12 months,Month-to-month,Fiber optic,Electronic check,74.55,233.65,0,0,0.5854019417688087,1,False Positive
8132-YPVBX,Female,No,0,6,0-12 months,Month-to-month,Fiber optic,Mailed check,85.95,514.6,0,0,0.5778324011075824,1,False Positive
4647-MUZON,Female,No,0,18,13-24 months,Month-to-month,Fiber optic,Credit card (automatic),95.95,1745.5,0,1,0.5774420576217655,1,False Positive
1077-HUUJM,Female,No,0,7,0-12 months,Month-to-month,Fiber optic,Electronic check,71.05,472.65,0,0,0.5742469896243152,1,False Positive
9167-APMXZ,Female,No,0,22,13-24 months,Month-to-month,Fiber optic,Bank transfer (automatic),84.15,1821.95,0,1,0.5727978567146341,1,False Positive
0899-LIIBW,Male,No,0,34,25-36 months,Month-to-month,Fiber optic,Electronic check,100.85,3527.3,0,0,0.5722573694209598,1,False Positive
5501-TVMGM,Male,No,0,1,0-12 months,Month-to-month,DSL,Electronic check,55.25,55.25,0,0,0.5695831005049434,1,False Positive
2041-JIJCI,Female,No,0,5,0-12 months,Month-to-month,DSL,Electronic check,64.0,370.25,0,0,0.5692755862409126,1,False Positive
0958-YHXGP,Female,No,0,7,0-12 months,Month-to-month,Fiber optic,Mailed check,69.9,497.3,0,0,0.5662676948620884,1,False Positive
3312-UUMZW,Male,No,0,32,25-36 months,Month-to-month,Fiber optic,Credit card (automatic),98.85,3145.9,0,1,0.5626993701801539,1,False Positive
7855-DIWPO,Female,No,0,21,13-24 months,Month-to-month,Fiber optic,Electronic check,68.65,1493.2,0,0,0.5623244484176663,1,False Positive
4581-LNWUM,Female,No,0,13,13-24 months,Month-to-month,DSL,Electronic check,49.15,649.4,0,0,0.5610938323819201,1,False Positive
1335-NTIUC,Male,No,0,9,0-12 months,Month-to-month,DSL,Electronic check,24.95,190.25,0,0,0.5610474041030752,1,False Positive
7952-OBOYL,Male,No,0,3,0-12 months,Month-to-month,Fiber optic,Mailed check,89.85,244.45,0,0,0.5605761684676287,1,False Positive
7748-UMTRK,Female,No,0,30,25-36 months,Month-to-month,Fiber optic,Electronic check,101.3,2974.5,1,0,0.5566964858618487,1,False Positive
0988-JRWWP,Female,No,0,3,0-12 months,Month-to-month,DSL,Electronic check,54.2,140.4,0,0,0.5546445539351857,1,False Positive
0581-MDMPW,Female,No,0,24,13-24 months,Month-to-month,Fiber optic,Credit card (automatic),88.95,2072.75,0,1,0.5546344593923522,1,False Positive
0082-OQIQY,Male,No,0,29,25-36 months,Month-to-month,Fiber optic,Electronic check,94.2,2607.6,0,0,0.5512481386923923,1,False Positive
9779-DPNEJ,Female,No,0,22,13-24 months,Month-to-month,Fiber optic,Electronic check,80.15,1790.65,0,0,0.5472304179007272,1,False Positive
6557-BZXLQ,Male,No,0,16,13-24 months,Month-to-month,Fiber optic,Electronic check,69.65,1043.3,1,0,0.5453982520561625,1,False Positive
9572-WUKSB,Male,No,0,3,0-12 months,Month-to-month,DSL,Electronic check,29.9,92.25,0,0,0.5440745105164465,1,False Positive
7018-WBJNK,Male,No,0,13,13-24 months,Month-to-month,Fiber optic,Credit card (automatic),78.3,1033.95,0,1,0.5434956640386368,1,False Positive
5760-FXFVO,Male,No,0,6,0-12 months,Month-to-month,Fiber optic,Electronic check,78.95,494.95,0,0,0.5415983878469294,1,False Positive
2501-XWWTZ,Male,No,0,11,0-12 months,Month-to-month,Fiber optic,Electronic check,70.2,760.05,0,0,0.5409800435150155,1,False Positive
3966-HRMZA,Female,No,0,3,0-12 months,Month-to-month,Fiber optic,Mailed check,75.05,202.9,1,0,0.539855251857505,1,False Positive
9638-JIQYA,Male,No,0,2,0-12 months,Month-to-month,DSL,Credit card (automatic),24.9,49.7,0,1,0.5395102161258502,1,False Positive
8160-HOWOX,Female,No,0,7,0-12 months,Month-to-month,DSL,Electronic check,66.85,458.1,0,0,0.5384252881614462,1,False Positive
8778-LMWTJ,Female,No,0,9,0-12 months,Month-to-month,Fiber optic,Electronic check,74.85,708.2,0,0,0.5362931001261917,1,False Positive
3312-ZWLGF,Male,No,0,29,25-36 months,Month-to-month,Fiber optic,Electronic check,79.3,2414.55,1,0,0.5295821065025073,1,False Positive
4360-PNRQB,Male,No,0,18,13-24 months,Month-to-month,Fiber optic,Bank transfer (automatic),75.6,1395.05,0,1,0.5282109921167828,1,False Positive
2800-QQUSO,Male,No,0,42,37-48 months,Month-to-month,Fiber optic,Electronic check,100.3,4222.95,0,0,0.5275890863180097,1,False Positive
5226-NOZFC,Male,No,0,26,25-36 months,Month-to-month,Fiber optic,Electronic check,85.75,2146.5,0,0,0.523417744735344,1,False Positive
5606-AMZBO,Female,No,0,10,0-12 months,Month-to-month,Fiber optic,Credit card (automatic),78.15,765.15,0,1,0.5204755980496991,1,False Positive
3717-OEAUQ,Male,No,0,2,0-12 months,Month-to-month,Fiber optic,Mailed check,70.7,129.2,0,0,0.5186397546272412,1,False Positive
9450-TRJUU,Male,No,0,35,25-36 months,Month-to-month,Fiber optic,Electronic check,83.15,2848.45,0,0,0.5180439532204594,1,False Positive
8445-DNBAE,Male,No,0,1,0-12 months,Month-to-month,DSL,Electronic check,50.05,50.05,0,0,0.5163455750071884,1,False Positive
4947-DSMXK,Male,No,0,34,25-36 months,Month-to-month,Fiber optic,Bank transfer (automatic),97.7,3410.0,0,1,0.5160386513951705,1,False Positive
0682-USIXD,Female,No,0,21,13-24 months,Month-to-month,Fiber optic,Electronic check,86.05,1818.9,0,0,0.5089537319290676,1,False Positive
1035-IPQPU,Female,No,0,63,61-72 months,Month-to-month,Fiber optic,Electronic check,103.5,6479.4,1,0,0.5037310031471627,1,False Positive
8903-XEBGX,Male,No,0,2,0-12 months,Month-to-month,DSL,Electronic check,55.3,108.65,0,0,0.5030948480244409,1,False Positive
9643-AVVWI,Female,No,0,3,0-12 months,Month-to-month,Fiber optic,Electronic check,80.0,241.3,0,0,0.5010923841812284,1,False Positive
8059-UDZFY,Female,No,0,33,25-36 months,Month-to-month,Fiber optic,Bank transfer (automatic),105.35,3465.05,1,1,0.5008656918056446,1,False Positive
8849-AYPTR,Male,No,0,33,25-36 months,Month-to-month,Fiber optic,Electronic check,91.25,2964.05,0,0,0.49996570348158115,1,False Positive
2203-GHNWN,Female,No,0,24,13-24 months,Month-to-month,Fiber optic,Mailed check,79.65,1928.7,0,0,0.498610592555671,1,False Positive
2694-CIUMO,Female,No,0,12,0-12 months,Month-to-month,Fiber optic,Credit card (automatic),79.55,958.25,0,1,0.49676695637027335,1,False Positive
7181-OQCUT,Male,No,0,21,13-24 months,Month-to-month,Fiber optic,Mailed check,103.85,2215.0,0,0,0.492532495512663,1,False Positive
1100-DDVRV,Male,No,0,17,13-24 months,Month-to-month,DSL,Mailed check,49.8,836.35,0,0,0.4917943282535296,1,False Positive
1452-KIOVK,Male,No,0,22,13-24 months,Month-to-month,Fiber optic,Credit card (automatic),89.1,1949.4,0,1,0.4912076912397946,1,False Positive
5650-YLIBA,Male,No,0,31,25-36 months,Month-to-month,Fiber optic,Electronic check,81.15,2640.55,0,0,0.4908616770796176,1,False Positive
2971-SGAFL,Female,No,0,13,13-24 months,Month-to-month,DSL,Electronic check,78.75,995.35,0,0,0.49018694250437356,1,False Positive
5016-IBERQ,Male,No,0,23,13-24 months,Month-to-month,Fiber optic,Electronic check,84.25,1968.1,0,0,0.490164678204229,1,False Positive
6481-ESCNL,Female,No,0,29,25-36 months,Month-to-month,Fiber optic,Bank transfer (automatic),100.55,2878.75,0,1,0.49012075495470186,1,False Positive
9944-AEXBM,Male,No,0,32,25-36 months,Month-to-month,Fiber optic,Bank transfer (automatic),85.65,2664.3,0,1,0.4900501133235246,1,False Positive
7404-JLKQG,Female,No,0,3,0-12 months,Month-to-month,DSL,Electronic check,57.55,161.45,0,0,0.4894820962110833,1,False Positive
9752-ZNQUT,Female,No,0,1,0-12 months,Month-to-month,DSL,Electronic check,48.6,48.6,0,0,0.48919308389529126,1,False Positive
3587-PMCOY,Male,No,0,10,0-12 months,One year,Fiber optic,Electronic check,98.9,1064.95,0,0,0.4875064622896206,1,False Positive
5331-RGMTT,Male,No,0,54,49-60 months,Month-to-month,Fiber optic,Credit card (automatic),99.05,5295.7,1,1,0.48655059822081165,1,False Positive
6704-UTUKK,Male,No,0,29,25-36 months,Month-to-month,DSL,Electronic check,45.9,1332.4,0,0,0.48535792308316195,1,False Positive
6034-YMTOB,Female,No,0,5,0-12 months,Month-to-month,Fiber optic,Mailed check,75.65,399.45,0,0,0.48413853967373655,1,False Positive
3094-JOJAI,Male,No,0,18,13-24 months,Month-to-month,Fiber optic,Mailed check,74.15,1387.0,0,0,0.4832270820347457,1,False Positive
5022-JNQEQ,Female,No,0,9,0-12 months,Month-to-month,Fiber optic,Electronic check,75.85,647.5,0,0,0.4797538829108278,1,False Positive
2277-DJJDL,Male,No,0,60,49-60 months,Month-to-month,Fiber optic,Electronic check,99.0,6017.9,1,0,0.4791799506196269,1,False Positive
9979-RGMZT,Female,No,0,7,0-12 months,One year,Fiber optic,Mailed check,94.05,633.45,0,0,0.4782859091439011,1,False Positive
9508-ILZDG,Female,No,0,34,25-36 months,Month-to-month,Fiber optic,Electronic check,96.35,3190.25,1,0,0.478120907034139,1,False Positive
1319-YLZJG,Male,No,0,12,0-12 months,Month-to-month,Fiber optic,Electronic check,84.6,959.9,0,0,0.4766407945865261,1,False Positive
8212-DJRCH,Male,No,0,5,0-12 months,Month-to-month,Fiber optic,Mailed check,90.35,434.5,0,0,0.47502008918841127,1,False Positive
1436-ZMJAN,Female,No,0,10,0-12 months,Month-to-month,DSL,Credit card (automatic),67.8,653.15,0,1,0.4748977592627698,1,False Positive
6158-HDPXZ,Male,No,0,1,0-12 months,Month-to-month,DSL,Mailed check,25.35,25.35,0,0,0.4734805654804485,1,False Positive
9278-VZKCD,Female,No,0,52,49-60 months,Month-to-month,Fiber optic,Electronic check,109.1,5647.95,1,0,0.4729696143327401,1,False Positive
8378-LKJAF,Male,No,0,38,37-48 months,Month-to-month,Fiber optic,Credit card (automatic),101.15,3956.7,0,1,0.47054079628051093,1,False Positive
9842-EFSYY,Female,No,0,4,0-12 months,Month-to-month,DSL,Mailed check,57.2,223.75,0,0,0.4695916867136368,1,False Positive
4706-DGAHW,Male,No,0,1,0-12 months,Month-to-month,DSL,Electronic check,45.2,45.2,1,0,0.4694102957236632,1,False Positive
2782-LFZVW,Female,No,0,11,0-12 months,Month-to-month,DSL,Mailed check,58.95,601.6,0,0,0.4676702274500202,1,False Positive
1346-UFHAX,Female,No,0,13,13-24 months,Month-to-month,Fiber optic,Credit card (automatic),80.0,1029.35,0,1,0.4645157940713851,1,False Positive
5129-JLPIS,Male,No,0,25,25-36 months,Month-to-month,Fiber optic,Electronic check,105.5,2686.05,0,0,0.46428215395993755,1,False Positive
0599-XNYDO,Female,No,0,20,13-24 months,Month-to-month,Fiber optic,Bank transfer (automatic),69.8,1540.35,0,1,0.46328636601520756,1,False Positive
8785-CJSHH,Female,No,0,60,49-60 months,Month-to-month,Fiber optic,Electronic check,99.8,5985.75,0,0,0.46322558292166355,1,False Positive
0430-IHCDJ,Male,No,0,15,13-24 months,Month-to-month,DSL,Electronic check,49.0,749.25,0,0,0.4630803186267299,1,False Positive
2227-JRSJX,Female,No,0,21,13-24 months,Month-to-month,Fiber optic,Bank transfer (automatic),99.15,1956.4,0,1,0.46278760301003913,1,False Positive
6542-LWGXJ,Male,No,0,3,0-12 months,Month-to-month,DSL,Mailed check,25.0,78.25,0,0,0.4624275031667689,1,False Positive
8058-DMYRU,Male,No,0,54,49-60 months,Month-to-month,Fiber optic,Electronic check,90.05,4931.8,1,0,0.46153910716343044,1,False Positive
9927-DSWDF,Male,No,0,22,13-24 months,Month-to-month,Fiber optic,Electronic check,104.6,2180.55,0,0,0.46146162185333034,1,False Positive
5461-QKNTN,Male,No,0,43,37-48 months,Month-to-month,Fiber optic,Electronic check,94.3,3953.15,1,0,0.4604032914671235,1,False Positive
2911-WDXMV,Male,No,0,18,13-24 months,Month-to-month,Fiber optic,Credit card (automatic),80.55,1406.65,0,1,0.4603864406503181,1,False Positive
6729-GDNGC,Female,No,0,20,13-24 months,Month-to-month,Fiber optic,Bank transfer (automatic),80.7,1614.2,1,1,0.45870621813467666,1,False Positive
6402-EJMWF,Male,No,0,4,0-12 months,Month-to-month,DSL,Mailed check,55.3,238.5,0,0,0.4576830419502828,1,False Positive
7460-ITWWP,Female,No,0,45,37-48 months,Month-to-month,Fiber optic,Electronic check,86.1,3861.45,1,0,0.4572993135882788,1,False Positive
2178-PMGCJ,Male,No,0,22,13-24 months,Month-to-month,Fiber optic,Mailed check,69.7,1490.4,0,0,0.45504337630223146,1,False Positive
5609-IMCGG,Female,No,0,15,13-24 months,Month-to-month,Fiber optic,Credit card (automatic),84.35,1302.65,0,1,0.45453577252839394,1,False Positive
4570-QHXHL,Female,No,0,9,0-12 months,Month-to-month,DSL,Electronic check,43.75,405.7,0,0,0.45295999804587456,1,False Positive
6377-WHAOX,Female,No,0,60,49-60 months,Month-to-month,Fiber optic,Electronic check,106.15,6411.25,0,0,0.4521595341697731,1,False Positive
2587-EKXTS,Male,No,0,44,37-48 months,Month-to-month,Fiber optic,Electronic check,111.5,4915.15,0,0,0.4518150819702873,1,False Positive
1942-OQFRW,Male,No,0,1,0-12 months,Month-to-month,DSL,Electronic check,44.0,44.0,0,0,0.4505249829192258,1,False Positive
9576-SYUHJ,Male,No,0,37,37-48 months,Month-to-month,Fiber optic,Electronic check,91.15,3369.25,0,0,0.44985409448260916,1,False Positive
3524-WQDSG,Female,No,0,43,37-48 months,Month-to-month,Fiber optic,Bank transfer (automatic),99.3,4209.95,0,1,0.4478922517961047,1,False Positive
3780-YVMFA,Female,No,0,8,0-12 months,Month-to-month,DSL,Electronic check,68.55,564.35,0,0,0.4469674069207767,1,False Positive
3466-RITXD,Male,No,0,26,25-36 months,Month-to-month,Fiber optic,Credit card (automatic),92.4,2349.8,0,1,0.44684078339221234,1,False Positive
7129-ACFOG,Female,No,0,5,0-12 months,Month-to-month,DSL,Electronic check,53.8,283.95,0,0,0.44662563029746655,1,False Positive
4840-ORQXB,Female,No,0,56,49-60 months,Month-to-month,Fiber optic,Electronic check,104.75,5841.35,1,0,0.4447928465908494,1,False Positive
0096-BXERS,Female,No,0,6,0-12 months,Month-to-month,DSL,Electronic check,50.35,314.55,0,0,0.43786664515142837,1,False Positive
7504-UWHNB,Male,No,0,25,25-36 months,Month-to-month,Fiber optic,Electronic check,69.75,1729.35,0,0,0.43626468940052965,1,False Positive
5351-QESIO,Male,No,0,1,0-12 months,Month-to-month,DSL,Mailed check,24.2,24.2,0,0,0.43603527434207406,1,False Positive
0365-GXEZS,Male,No,0,18,13-24 months,Month-to-month,Fiber optic,Electronic check,78.2,1468.75,0,0,0.43450219355797487,1,False Positive
9389-ACWBI,Female,No,0,5,0-12 months,Month-to-month,Fiber optic,Credit card (automatic),69.95,320.4,0,1,0.43300315094696595,1,False Positive
7529-ZDFXI,Male,No,0,57,49-60 months,Month-to-month,Fiber optic,Electronic check,89.85,4925.35,1,0,0.4328683771709927,1,False Positive
4619-EVPHY,Female,No,0,20,13-24 months,One year,Fiber optic,Bank transfer (automatic),91.0,1859.5,1,1,0.43216467242341033,1,False Positive
7277-OZCGZ,Female,No,0,22,13-24 months,Month-to-month,Fiber optic,Electronic check,89.05,1886.25,0,0,0.4313288895907804,1,False Positive
6048-QBXKL,Female,No,0,2,0-12 months,Month-to-month,DSL,Credit card (automatic),56.55,118.25,1,1,0.43121479474613666,1,False Positive
2277-VWCNI,Female,No,0,4,0-12 months,Month-to-month,DSL,Mailed check,48.75,179.85,1,0,0.4305764332045282,1,False Positive
1261-FWTTE,Male,No,0,23,13-24 months,Month-to-month,DSL,Bank transfer (automatic),34.65,768.45,1,1,0.4304776221750539,1,False Positive
0410-IPFTY,Female,No,0,31,25-36 months,Month-to-month,Fiber optic,Bank transfer (automatic),83.85,2674.15,0,1,0.42876119031680016,1,False Positive
1833-TCXKK,Male,No,0,45,37-48 months,Month-to-month,Fiber optic,Bank transfer (automatic),107.75,4882.8,0,1,0.42779004492630096,1,False Positive
4526-ZJJTM,Female,No,0,25,25-36 months,Month-to-month,Fiber optic,Bank transfer (automatic),88.4,2191.15,1,1,0.4256640626818287,1,False Positive
3197-ARFOY,Female,No,0,19,13-24 months,Month-to-month,Fiber optic,Mailed check,105.0,2007.25,1,0,0.4226827554460817,1,False Positive
1536-HBSWP,Female,No,0,1,0-12 months,Month-to-month,DSL,Electronic check,49.9,49.9,0,0,0.42132191882015907,1,False Positive
2432-TFSMK,Male,No,0,18,13-24 months,One year,Fiber optic,Credit card (automatic),89.6,1633.0,0,1,0.4201304456392586,1,False Positive
5651-YLPRD,Female,No,0,32,25-36 months,Month-to-month,Fiber optic,Electronic check,86.1,2723.75,0,0,0.4178904453235324,1,False Positive
4993-JCRGJ,Male,No,0,26,25-36 months,Month-to-month,Fiber optic,Mailed check,84.3,2281.6,0,0,0.417219744674464,1,False Positive
0015-UOCOJ,Female,No,0,7,0-12 months,Month-to-month,DSL,Electronic check,48.2,340.35,1,0,0.41702033302961505,1,False Positive
5133-POWUA,Male,No,0,1,0-12 months,Month-to-month,DSL,Mailed check,45.8,45.8,0,0,0.4166051558901134,1,False Positive
4660-IRIBM,Male,No,0,18,13-24 months,Month-to-month,Fiber optic,Mailed check,87.9,1500.5,0,0,0.4162784045168973,1,False Positive
4760-THGOT,Female,No,0,43,37-48 months,Month-to-month,Fiber optic,Electronic check,94.1,4107.3,0,0,0.414706926366654,1,False Positive
2988-PLAHS,Female,No,0,3,0-12 months,One year,DSL,Electronic check,69.95,220.45,0,0,0.4135006516681917,1,False Positive
6128-AQBMT,Male,No,0,41,37-48 months,Month-to-month,DSL,Electronic check,53.95,2215.4,1,0,0.4102802525294157,1,False Positive
8158-WPEZG,Male,No,0,11,0-12 months,Month-to-month,DSL,Electronic check,35.65,425.1,0,0,0.40961696773351947,1,False Positive
1310-QRITU,Female,No,0,18,13-24 months,Month-to-month,DSL,Electronic check,50.3,913.3,0,0,0.40735672455054084,1,False Positive
1816-FLZDK,Male,No,0,1,0-12 months,Month-to-month,DSL,Mailed check,29.15,29.15,0,0,0.40655084395322316,1,False Positive
3569-EDBPQ,Female,No,0,24,13-24 months,Month-to-month,Fiber optic,Electronic check,84.35,1938.05,0,0,0.4062729991813828,1,False Positive
0531-ZZJWQ,Male,No,0,55,49-60 months,Month-to-month,Fiber optic,Electronic check,74.0,4052.4,1,0,0.40574259052973627,1,False Positive
6080-TCMYC,Male,No,0,40,37-48 months,Month-to-month,Fiber optic,Electronic check,81.2,3292.3,0,0,0.3968494032975441,1,False Positive
4329-YPDDQ,Male,No,0,20,13-24 months,Month-to-month,Fiber optic,Bank transfer (automatic),108.2,2203.7,0,1,0.39669732728149965,1,False Positive
0730-KOAVE,Male,No,0,30,25-36 months,Month-to-month,Fiber optic,Credit card (automatic),94.3,2679.7,0,1,0.3924646360218501,1,False Positive
2960-NKRSO,Male,No,0,24,13-24 months,Month-to-month,Fiber optic,Electronic check,85.95,2107.15,0,0,0.3897888891020392,1,False Positive
5213-TWWJU,Male,No,0,28,25-36 months,Month-to-month,Fiber optic,Electronic check,91.0,2626.15,0,0,0.38914620170043,1,False Positive
6429-SHBCB,Male,No,0,19,13-24 months,Month-to-month,DSL,Mailed check,69.6,1394.55,0,0,0.3869688903567306,1,False Positive
2720-FVBQP,Female,No,0,6,0-12 months,Month-to-month,DSL,Credit card (automatic),48.95,273.25,0,1,0.38695736983404305,1,False Positive
1471-GIQKQ,Female,No,0,1,0-12 months,Month-to-month,DSL,Electronic check,49.95,49.95,0,0,0.3866095217926732,1,False Positive
9812-GHVRI,Female,No,0,40,37-48 months,Month-to-month,Fiber optic,Bank transfer (automatic),83.85,3532.25,0,1,0.3859916796126291,1,False Positive
6173-GOLSU,Male,No,0,67,61-72 months,Month-to-month,Fiber optic,Credit card (automatic),94.65,6079.0,1,1,0.3800491005779241,1,False Positive
0422-UXFAP,Female,No,0,51,49-60 months,One year,Fiber optic,Electronic check,98.85,4947.55,0,0,0.37994002172224256,1,False Positive
2452-KDRRH,Male,No,0,67,61-72 months,Month-to-month,Fiber optic,Credit card (automatic),101.4,6841.05,1,1,0.37758378253306557,1,False Positive
1465-LNTLJ,Male,No,0,8,0-12 months,Month-to-month,DSL,Credit card (automatic),64.4,581.7,1,1,0.3765111102409217,1,False Positive
2101-RANCD,Female,No,0,55,49-60 months,Month-to-month,Fiber optic,Electronic check,73.1,4144.9,0,0,0.37641454799829954,1,False Positive
1357-BIJKI,Male,No,0,50,49-60 months,One year,Fiber optic,Electronic check,98.25,4858.7,0,0,0.37617353645378315,1,False Positive
9992-UJOEL,Male,No,0,2,0-12 months,Month-to-month,DSL,Mailed check,50.3,92.75,0,0,0.37569876724221,1,False Positive
9112-WSNPU,Female,No,0,35,25-36 months,Month-to-month,Fiber optic,Electronic check,70.55,2419.0,1,0,0.3755546747490772,1,False Positive
7876-BEUTG,Female,No,0,15,13-24 months,Month-to-month,DSL,Mailed check,48.8,720.1,0,0,0.37335367375639084,1,False Positive
2604-IJPDU,Female,No,0,20,13-24 months,Month-to-month,Fiber optic,Electronic check,96.55,1901.65,0,0,0.3730113001812669,1,False Positive
2139-FQHLM,Male,No,0,19,13-24 months,Month-to-month,Fiber optic,Mailed check,89.95,1682.4,0,0,0.37060223092294964,1,False Positive
3787-TRIAL,Male,No,0,21,13-24 months,Month-to-month,DSL,Electronic check,26.05,565.75,0,0,0.3699891544832575,1,False Positive
4223-WOZCM,Male,No,0,2,0-12 months,Month-to-month,DSL,Mailed check,49.95,107.1,1,0,0.36960381378984775,1,False Positive
2386-OWURY,Female,No,0,58,49-60 months,Month-to-month,Fiber optic,Electronic check,95.3,5817.7,0,0,0.36363204540241634,1,False Positive
4983-CLMLV,Female,No,0,52,49-60 months,Month-to-month,Fiber optic,Credit card (automatic),102.7,5138.1,0,1,0.3628838590246557,1,False Positive
5934-TSSAU,Female,No,0,23,13-24 months,Month-to-month,Fiber optic,Credit card (automatic),75.3,1702.9,0,1,0.36225546520817775,1,False Positive
1559-DTODC,Male,No,0,19,13-24 months,Month-to-month,DSL,Bank transfer (automatic),25.15,468.35,0,1,0.3592173838304327,1,False Positive
2480-SQIOB,Male,No,0,4,0-12 months,Month-to-month,DSL,Electronic check,44.8,169.65,0,0,0.35877012079686743,1,False Positive
4226-KKDON,Male,No,0,8,0-12 months,Month-to-month,DSL,Electronic check,66.65,520.95,0,0,0.35726362125661315,1,False Positive
6710-HSJRD,Male,No,0,61,61-72 months,Month-to-month,Fiber optic,Electronic check,114.1,7132.15,0,0,0.3553978897184859,1,False Positive
8623-ULFNQ,Female,No,0,26,25-36 months,Month-to-month,DSL,Electronic check,66.05,1652.4,1,0,0.3537288535660781,1,False Positive
0265-PSUAE,Female,No,0,16,13-24 months,Month-to-month,Fiber optic,Bank transfer (automatic),100.7,1522.7,0,1,0.35356523910882265,1,False Positive
1895-QTKDO,Female,No,0,1,0-12 months,Month-to-month,DSL,Credit card (automatic),43.95,43.95,0,1,0.34956448659692263,1,False Positive
2672-OJQZP,Female,No,0,1,0-12 months,Month-to-month,DSL,Mailed check,44.75,44.75,0,0,0.348437738373765,1,False Positive
4067-HLYQI,Female,No,0,33,25-36 months,Month-to-month,Fiber optic,Bank transfer (automatic),70.4,2406.1,0,1,0.34743337920245926,1,False Positive
5949-HGVJL,Female,No,0,26,25-36 months,Month-to-month,DSL,Electronic check,73.05,1959.5,0,0,0.34018159135187814,1,False Positive
2770-NSVDG,Male,No,0,24,13-24 months,Month-to-month,DSL,Electronic check,29.1,688.0,0,0,0.33971130830327356,1,False Positive
9089-UOWJG,Female,No,0,12,0-12 months,Month-to-month,DSL,Credit card (automatic),58.35,740.55,0,1,0.33721219180569395,1,False Positive
1169-WCVAK,Male,No,0,19,13-24 months,Month-to-month,Fiber optic,Credit card (automatic),88.8,1672.35,0,1,0.33720617066979786,1,False Positive
5575-TPIZQ,Male,No,0,46,37-48 months,Month-to-month,Fiber optic,Credit card (automatic),89.15,4245.55,0,1,0.33354080713808065,1,False Positive
9819-FBNSV,Male,No,0,37,37-48 months,Month-to-month,Fiber optic,Bank transfer (automatic),72.25,2575.45,1,1,0.3311329658562364,1,False Positive
8728-SKJLR,Male,No,0,41,37-48 months,Month-to-month,Fiber optic,Electronic check,74.25,3089.1,0,0,0.3301622646782392,1,False Positive
3466-WAESX,Male,No,0,16,13-24 months,Month-to-month,DSL,Electronic check,69.1,1083.7,0,0,0.32973496707340466,1,False Positive
9767-FFLEM,Male,No,0,38,37-48 months,Month-to-month,Fiber optic,Credit card (automatic),69.5,2625.25,0,1,0.3260062838885863,1,False Positive
0013-MHZWF,Female,No,0,9,0-12 months,Month-to-month,DSL,Credit card (automatic),69.4,571.45,0,1,0.325826636105473,1,False Positive
7251-LJBQN,Female,No,0,40,37-48 months,One year,Fiber optic,Credit card (automatic),103.75,4188.4,1,1,0.3239955056900382,1,False Positive
8757-TFHHJ,Male,No,0,1,0-12 months,Month-to-month,DSL,Credit card (automatic),49.8,49.8,0,1,0.3233921791719856,1,False Positive
2257-BOVXD,Male,No,0,14,13-24 months,Month-to-month,DSL,Credit card (automatic),66.6,979.5,0,1,0.3220184552551468,1,False Positive
5402-HTOTQ,Male,No,0,16,13-24 months,Month-to-month,DSL,Electronic check,55.3,875.35,0,0,0.320818112324606,1,False Positive
3173-NVMPX,Female,No,0,9,0-12 months,Month-to-month,DSL,Mailed check,55.3,501.2,0,0,0.318432585655312,1,False Positive
4724-WXVWF,Male,No,0,48,37-48 months,Month-to-month,Fiber optic,Electronic check,95.4,4445.3,0,0,0.3179318259731372,1,False Positive
7669-LCRSD,Male,No,0,12,0-12 months,Month-to-month,DSL,Mailed check,56.3,628.65,0,0,0.3170244762151059,1,False Positive
0327-WFZSY,Male,No,0,39,37-48 months,One year,Fiber optic,Electronic check,100.0,3835.55,0,0,0.3168183701777061,1,False Positive
8033-VCZGH,Male,No,0,50,49-60 months,One year,Fiber optic,Electronic check,103.95,5231.3,0,0,0.31579768331547753,1,False Positive
1956-YIFGE,Male,No,0,22,13-24 months,One year,Fiber optic,Mailed check,100.05,2090.25,0,0,0.31576528989747943,1,False Positive
6234-PFPXL,Male,No,0,22,13-24 months,Month-to-month,Fiber optic,Credit card (automatic),95.9,2234.95,0,1,0.31399902954085446,1,False Positive
9327-QSDED,Male,No,0,8,0-12 months,Month-to-month,DSL,Mailed check,43.55,335.4,0,0,0.31375409204612004,1,False Positive
1370-GGAWX,Female,No,0,46,37-48 months,One year,Fiber optic,Electronic check,94.15,4408.45,0,0,0.312712413824565,1,False Positive
1174-FGIFN,Female,No,0,28,25-36 months,One year,Fiber optic,Electronic check,90.45,2509.25,0,0,0.3119211735882366,1,False Positive
8805-JNRAZ,Female,No,0,2,0-12 months,Month-to-month,DSL,Mailed check,49.2,103.7,0,0,0.31187817374857457,1,False Positive
7055-HNEOJ,Male,No,0,3,0-12 months,Month-to-month,DSL,Mailed check,55.8,154.55,0,0,0.31083583146262556,1,False Positive
6257-RJOHI,Male,No,0,4,0-12 months,Month-to-month,DSL,Mailed check,50.8,202.3,0,0,0.3102583801454478,1,False Positive
2190-BCXEC,Female,No,0,40,37-48 months,Month-to-month,Fiber optic,Credit card (automatic),78.85,3126.85,0,1,0.30998332199735046,1,False Positive
9700-ISPUP,Female,No,0,10,0-12 months,Month-to-month,DSL,Electronic check,65.5,616.9,0,0,0.3089855367583313,1,False Positive
4819-HJPIW,Male,No,0,18,13-24 months,Month-to-month,DSL,Mailed check,25.15,476.8,0,0,0.3086030423099394,1,False Positive
9822-WMWVG,Female,No,0,41,37-48 months,Month-to-month,Fiber optic,Electronic check,106.5,4282.4,0,0,0.3070763939631526,1,False Positive
5207-PLSTK,Male,No,0,1,0-12 months,Month-to-month,DSL,Mailed check,48.75,48.75,0,0,0.3032879313698694,1,False Positive
5600-PDUJF,Male,No,0,6,0-12 months,Month-to-month,DSL,Credit card (automatic),49.5,312.7,0,1,0.30320136764853706,1,False Positive
5438-QMDDL,Female,No,0,19,13-24 months,Month-to-month,DSL,Mailed check,59.8,1130.85,0,0,0.3023306261726064,1,False Positive
6559-RAKOZ,Male,No,0,49,49-60 months,One year,Fiber optic,Electronic check,97.95,4917.9,0,0,0.3021199286421598,1,False Positive
6874-SGLHU,Male,No,0,30,25-36 months,One year,Fiber optic,Bank transfer (automatic),97.0,3021.3,0,1,0.2974058895726922,1,False Positive
9481-SFCQY,Female,No,0,14,13-24 months,Month-to-month,DSL,Credit card (automatic),59.8,824.85,0,1,0.2959288847562839,1,False Positive
8455-HIRAQ,Female,No,0,8,0-12 months,Month-to-month,DSL,Mailed check,44.45,369.3,0,0,0.2956344912368157,1,False Positive
4396-KLSEH,Male,No,0,4,0-12 months,Month-to-month,No,Electronic check,19.85,63.0,0,0,0.2929381815923463,1,False Positive
2195-VVRJF,Male,No,0,18,13-24 months,Month-to-month,DSL,Credit card (automatic),59.1,1011.05,1,1,0.2923763695890371,1,False Positive
5136-GFPMB,Male,No,0,54,49-60 months,Month-to-month,Fiber optic,Credit card (automatic),89.4,4869.5,0,1,0.2921490562040866,1,False Positive
6713-OKOMC,Female,No,0,10,0-12 months,Month-to-month,DSL,Mailed check,29.75,301.9,0,0,0.2915129802550971,1,False Positive
3069-SSVSN,Female,No,0,1,0-12 months,One year,DSL,Mailed check,25.85,25.85,0,0,0.29115465682940356,1,False Positive
0668-OGMHD,Female,No,0,21,13-24 months,Month-to-month,DSL,Electronic check,28.5,629.35,0,0,0.2896953751530878,1,False Positive
3567-PQTSO,Male,No,0,53,49-60 months,One year,Fiber optic,Electronic check,105.25,5576.3,0,0,0.28893812713525474,1,False Positive
9163-GHAYE,Female,No,0,15,13-24 months,Month-to-month,DSL,Electronic check,48.85,736.8,0,0,0.28845084638448687,1,False Positive
3594-KADLU,Male,No,0,3,0-12 months,Month-to-month,DSL,Mailed check,35.1,101.1,0,0,0.283430344387013,1,False Positive
4937-QPZPO,Male,No,0,61,61-72 months,One year,Fiber optic,Electronic check,99.9,6241.35,0,0,0.28066661506218116,1,False Positive
2692-PFYTJ,Female,No,0,1,0-12 months,Month-to-month,No,Mailed check,25.75,25.75,0,0,0.2794375752775266,1,False Positive
2279-AXJJK,Male,No,0,52,49-60 months,Month-to-month,Fiber optic,Credit card (automatic),95.65,5088.4,0,1,0.27858413216351613,1,False Positive
3604-WLABM,Female,No,0,10,0-12 months,Month-to-month,DSL,Electronic check,54.25,583.0,0,0,0.2766041200005288,1,False Positive
6284-KMNUF,Female,No,0,56,49-60 months,One year,Fiber optic,Electronic check,98.0,5270.6,0,0,0.27496635529723285,1,False Positive
5804-HYIEZ,Male,No,0,70,61-72 months,Month-to-month,Fiber optic,Electronic check,106.05,7554.05,0,0,0.2748411887948887,1,False Positive
1360-JYXKQ,Female,No,0,54,49-60 months,One year,Fiber optic,Electronic check,99.1,5437.1,1,0,0.2746107917809016,1,False Positive
4468-YDOVK,Male,No,0,5,0-12 months,Month-to-month,DSL,Bank transfer (automatic),48.65,235.2,0,1,0.27427954302863167,1,False Positive
1217-VASWC,Male,No,0,43,37-48 months,One year,Fiber optic,Bank transfer (automatic),100.55,4304.0,1,1,0.27421305804903306,1,False Positive
2480-EJWYP,Female,No,0,58,49-60 months,One year,Fiber optic,Bank transfer (automatic),97.8,5458.8,1,1,0.2704770621133057,1,False Positive
0959-WHOKV,Male,No,0,42,37-48 months,One year,Fiber optic,Electronic check,99.0,4298.45,0,0,0.2690178456651563,1,False Positive
1575-KRZZE,Female,No,0,4,0-12 months,Month-to-month,DSL,Electronic check,55.2,220.65,0,0,0.2679769373725,1,False Positive
1848-LBZHY,Female,No,0,7,0-12 months,Month-to-month,DSL,Bank transfer (automatic),50.3,355.1,0,1,0.26718475329475877,1,False Positive
2828-SLQPF,Male,No,0,19,13-24 months,Month-to-month,DSL,Bank transfer (automatic),45.0,865.85,0,1,0.26684771849340344,1,False Positive
2522-AHJXR,Male,No,0,60,49-60 months,Month-to-month,Fiber optic,Bank transfer (automatic),109.45,6572.85,0,1,0.2668368644322269,1,False Positive
6854-EXGSF,Female,No,0,8,0-12 months,Month-to-month,DSL,Bank transfer (automatic),65.5,573.15,0,1,0.26513306290602345,1,False Positive
0058-EVZWM,Female,No,0,55,49-60 months,Month-to-month,Fiber optic,Bank transfer (automatic),89.8,4959.6,0,1,0.26439681600993215,1,False Positive
7750-EYXWZ,Female,No,0,12,0-12 months,One year,DSL,Electronic check,60.65,743.3,0,0,0.2639494117420654,1,False Positive
7398-LXGYX,Male,No,0,44,37-48 months,Month-to-month,Fiber optic,Credit card (automatic),84.8,3626.35,0,1,0.2636948088555259,1,False Positive
7629-WIXZF,Female,No,0,7,0-12 months,One year,DSL,Electronic check,59.1,369.25,0,0,0.2627170351992046,1,False Positive
5136-RGMZO,Male,No,0,31,25-36 months,Month-to-month,DSL,Electronic check,71.05,2168.15,0,0,0.2614208416019319,1,False Positive
0471-ARVMX,Female,No,0,62,61-72 months,One year,Fiber optic,Electronic check,104.85,6312.9,1,0,0.2613415194800753,1,False Positive
6366-XIVKZ,Female,No,0,13,13-24 months,Month-to-month,DSL,Mailed check,63.15,816.8,0,0,0.261268727057396,1,False Positive
8992-CEUEN,Female,No,0,1,0-12 months,Month-to-month,No,Electronic check,18.85,18.85,0,0,0.2612657795149961,1,False Positive
7251-XFOIL,Female,No,0,61,61-72 months,Month-to-month,Fiber optic,Mailed check,89.2,5500.6,0,0,0.260509105736858,1,False Positive
7733-UDMTP,Female,No,0,57,49-60 months,Month-to-month,DSL,Electronic check,55.0,3094.05,1,0,0.2594141638041129,1,False Positive
9544-PYPSJ,Female,No,0,62,61-72 months,Month-to-month,Fiber optic,Credit card (automatic),96.1,6019.35,1,1,0.25915435956290694,1,False Positive
2924-KHUVI,Male,No,0,56,49-60 months,One year,Fiber optic,Electronic check,100.55,5514.95,0,0,0.25844816353912026,1,False Positive
2293-IJWPS,Female,No,0,57,49-60 months,One year,Fiber optic,Credit card (automatic),100.75,5985.0,0,1,0.256530582322729,1,False Positive
0701-TJSEF,Male,No,0,9,0-12 months,Month-to-month,DSL,Bank transfer (automatic),68.25,576.95,0,1,0.25516925655731093,1,False Positive
1470-PSXNM,Male,No,0,49,49-60 months,One year,Fiber optic,Electronic check,93.65,4520.15,0,0,0.2545058915272884,1,False Positive
4524-QCSSM,Male,No,0,26,25-36 months,Month-to-month,DSL,Bank transfer (automatic),44.65,1156.55,0,1,0.25402478392261624,1,False Positive
3756-VNWDH,Male,No,0,65,61-72 months,One year,Fiber optic,Electronic check,100.75,6674.65,1,0,0.25378399847322697,1,False Positive
2669-QVCRG,Female,No,0,41,37-48 months,Month-to-month,Fiber optic,Credit card (automatic),81.3,3190.65,0,1,0.25308230768691165,1,False Positive
2478-EEWWM,Male,No,0,59,49-60 months,Month-to-month,DSL,Electronic check,44.3,2666.75,0,0,0.2530724753192991,1,False Positive
2369-FEVNO,Male,No,0,1,0-12 months,Month-to-month,No,Mailed check,19.9,19.9,0,0,0.2509766445875282,1,False Positive
4256-ZWTZI,Female,No,0,5,0-12 months,Month-to-month,DSL,Mailed check,51.0,286.8,0,0,0.24962353525644332,1,False Positive
1622-HSHSF,Female,No,0,1,0-12 months,Month-to-month,No,Mailed check,19.55,19.55,0,0,0.249203240185013,1,False Positive
4945-RVMTE,Female,No,0,28,25-36 months,Month-to-month,DSL,Bank transfer (automatic),59.55,1646.45,0,1,0.24855163793150728,1,False Positive
6898-MDLZW,Male,No,0,12,0-12 months,Month-to-month,DSL,Mailed check,53.75,648.65,0,0,0.24793723763060474,1,False Positive
5186-EJEGL,Male,No,0,9,0-12 months,Month-to-month,DSL,Mailed check,69.5,653.25,0,0,0.24787605023814016,1,False Positive
7853-WNZSY,Male,No,0,1,0-12 months,Month-to-month,No,Credit card (automatic),19.75,19.75,0,1,0.24382717511595514,1,False Positive
7054-ENNGU,Female,No,0,9,0-12 months,Month-to-month,DSL,Mailed check,50.85,466.6,0,0,0.24227407985811328,1,False Positive
6473-ULUHT,Male,No,0,16,13-24 months,Month-to-month,DSL,Electronic check,84.9,1398.25,0,0,0.24165648328574782,1,False Positive
4672-FOTSD,Male,No,0,12,0-12 months,Month-to-month,DSL,Electronic check,67.25,832.3,0,0,0.24110029130502042,1,False Positive
6815-ABQFQ,Male,No,0,56,49-60 months,One year,Fiber optic,Electronic check,107.25,6033.3,0,0,0.24065778065268648,1,False Positive
3780-DDGSE,Male,No,0,35,25-36 months,Month-to-month,DSL,Electronic check,76.05,2747.2,1,0,0.23975093548007317,1,False Positive
6890-PFRQX,Male,No,0,18,13-24 months,Month-to-month,DSL,Mailed check,69.5,1199.4,0,0,0.2393007149925761,1,False Positive
8620-RJPZN,Female,No,0,1,0-12 months,Month-to-month,No,Electronic check,20.7,20.7,0,0,0.2379552627269826,1,False Positive
5630-AHZIL,Female,No,0,3,0-12 months,Month-to-month,DSL,Bank transfer (automatic),64.5,177.4,0,1,0.23711673061229216,1,False Positive
4693-VWVBO,Female,No,0,3,0-12 months,Month-to-month,No,Electronic check,19.55,61.05,0,0,0.2362480737309775,1,False Positive
3179-GBRWV,Male,No,0,21,13-24 months,Month-to-month,DSL,Bank transfer (automatic),64.95,1339.8,1,1,0.2355258853767015,1,False Positive
6184-DYUOB,Female,No,0,3,0-12 months,Month-to-month,No,Mailed check,19.6,55.25,0,0,0.23518948769898565,1,False Positive
8166-ORCHU,Male,No,0,33,25-36 months,One year,Fiber optic,Electronic check,93.55,3055.5,1,0,0.23393851965863716,1,False Positive
4003-FUSHP,Male,No,0,19,13-24 months,Month-to-month,DSL,Credit card (automatic),61.55,1093.2,0,1,0.23051579913935752,1,False Positive
0913-XWSCN,Male,No,0,55,49-60 months,Month-to-month,Fiber optic,Bank transfer (automatic),85.5,4713.4,0,1,0.23045139453531882,1,False Positive
3594-IVHJZ,Female,No,0,2,0-12 months,Month-to-month,No,Mailed check,20.45,42.45,0,0,0.23031905871844421,1,False Positive
3339-EAQNV,Male,No,0,72,61-72 months,One year,Fiber optic,Credit card (automatic),97.25,7133.1,1,1,0.2290198841605653,1,False Positive
1110-KYLGQ,Female,No,0,63,61-72 months,Month-to-month,Fiber optic,Credit card (automatic),108.25,6780.1,0,1,0.22874641286197198,1,False Positive
7426-WEIJX,Male,No,0,60,49-60 months,Month-to-month,Fiber optic,Electronic check,80.95,4859.1,1,0,0.22817558834776128,1,False Positive
8713-IGZSO,Male,No,0,2,0-12 months,Month-to-month,No,Mailed check,24.85,62.0,0,0,0.22782399290277597,1,False Positive
6773-LQTVT,Female,No,0,29,25-36 months,Month-to-month,DSL,Mailed check,35.65,1025.15,1,0,0.22736778959015763,1,False Positive
8409-WQJUX,Female,No,0,25,25-36 months,One year,DSL,Electronic check,54.2,1423.15,0,0,0.22617387879188405,1,False Positive
7395-XWZOY,Male,No,0,20,13-24 months,Month-to-month,DSL,Credit card (automatic),55.0,1165.55,0,1,0.22550384835973913,1,False Positive
2087-QAREY,Female,No,0,22,13-24 months,Month-to-month,DSL,Mailed check,54.7,1178.75,0,0,0.22344033755116793,1,False Positive
7130-CTCUS,Male,No,0,16,13-24 months,Month-to-month,DSL,Bank transfer (automatic),54.55,825.1,1,1,0.22115948632844784,1,False Positive
2843-CQMEG,Male,No,0,24,13-24 months,Month-to-month,DSL,Mailed check,49.7,1218.25,0,0,0.21990361314380652,1,False Positive
9138-EFSMO,Male,No,0,26,25-36 months,One year,Fiber optic,Bank transfer (automatic),78.95,2034.25,0,1,0.21834638162639805,1,False Positive
2446-ZKVAF,Male,No,0,18,13-24 months,Month-to-month,DSL,Credit card (automatic),56.8,1074.65,0,1,0.21780221432458066,1,False Positive
8190-ZTQFB,Male,No,0,41,37-48 months,One year,DSL,Electronic check,51.35,2075.1,0,0,0.21775902514616557,1,False Positive
9374-YOLBJ,Female,No,0,1,0-12 months,Month-to-month,No,Electronic check,19.25,19.25,0,0,0.2176204781409204,1,False Positive
0463-WZZKO,Male,No,0,3,0-12 months,Month-to-month,No,Credit card (automatic),20.75,67.1,0,1,0.21677298655747207,1,False Positive
2758-RNWXS,Male,No,0,35,25-36 months,One year,Fiber optic,Electronic check,89.2,3251.3,0,0,0.21639171866557333,1,False Positive
5198-EFNBM,Male,No,0,57,49-60 months,One year,Fiber optic,Electronic check,90.65,5199.8,1,0,0.2162438268151404,1,False Positive
7134-MJPDY,Female,No,0,66,61-72 months,One year,Fiber optic,Credit card (automatic),102.85,6976.75,1,1,0.21618509716119857,1,False Positive
8970-ANWXO,Female,No,0,23,13-24 months,One year,DSL,Mailed check,73.75,1756.6,0,0,0.21608759619798193,1,False Positive
8930-XOTDP,Female,No,0,18,13-24 months,Month-to-month,DSL,Mailed check,55.95,1082.8,0,0,0.21607306952874733,1,False Positive
1386-ZIKUV,Male,No,0,7,0-12 months,Month-to-month,No,Mailed check,18.95,130.55,0,0,0.21537912135196285,1,False Positive
3679-XASPY,Female,No,0,1,0-12 months,Month-to-month,No,Electronic check,19.45,19.45,0,0,0.2153373459296679,1,False Positive
0516-OOHAR,Male,No,0,28,25-36 months,One year,Fiber optic,Bank transfer (automatic),100.35,2799.0,0,1,0.2149225590409149,1,False Positive
8985-OOPOS,Female,No,0,1,0-12 months,One year,DSL,Credit card (automatic),74.1,74.1,0,1,0.213324835846606,1,False Positive
9629-NHXFW,Female,No,0,1,0-12 months,Month-to-month,No,Mailed check,19.4,19.4,0,0,0.21323316396515796,1,False Positive
6483-OATDN,Male,No,0,8,0-12 months,Month-to-month,DSL,Credit card (automatic),51.3,411.6,0,1,0.21315541230640211,1,False Positive
4016-BJKTZ,Female,No,0,25,25-36 months,Two year,Fiber optic,Electronic check,108.9,2809.05,0,0,0.2114819429783629,1,False Positive
1074-AMIOH,Female,No,0,53,49-60 months,Month-to-month,Fiber optic,Bank transfer (automatic),108.25,5935.1,0,1,0.2112492953039657,1,False Positive
0895-LMRSF,Male,No,0,23,13-24 months,One year,DSL,Bank transfer (automatic),64.9,1509.8,0,1,0.2106294904972888,1,False Positive
4377-VDHYI,Male,No,0,32,25-36 months,One year,Fiber optic,Electronic check,90.8,3023.85,0,0,0.20945138472176444,1,False Positive
3694-GLTJM,Female,No,0,5,0-12 months,Month-to-month,No,Credit card (automatic),19.65,92.05,0,1,0.20846663046824912,1,False Positive
6258-NGCNG,Male,No,0,7,0-12 months,Month-to-month,No,Mailed check,23.5,173.0,0,0,0.206707387073107,1,False Positive
9844-FELAJ,Female,No,0,70,61-72 months,One year,Fiber optic,Electronic check,107.9,7475.85,1,0,0.2053821463644044,1,False Positive
9788-YTFGE,Male,No,0,7,0-12 months,Month-to-month,No,Mailed check,19.95,147.5,0,0,0.20483207403719375,1,False Positive
6421-SZVEM,Female,No,0,28,25-36 months,One year,Fiber optic,Bank transfer (automatic),82.85,2320.8,0,1,0.2044896285865098,1,False Positive
1015-OWJKI,Male,No,0,1,0-12 months,Month-to-month,No,Mailed check,19.05,19.05,0,0,0.20367877459798311,1,False Positive
2750-BJLSB,Female,No,0,47,37-48 months,One year,Fiber optic,Electronic check,103.7,4730.6,0,0,0.2035965696625508,1,False Positive
9537-VHDTA,Female,No,0,1,0-12 months,Month-to-month,DSL,Mailed check,51.2,51.2,0,0,0.2022413487888322,1,False Positive
3794-NFNCH,Male,No,0,30,25-36 months,Month-to-month,DSL,Mailed check,50.0,1474.9,0,0,0.20067791786519304,1,False Positive
0365-TRTPY,Female,No,0,37,37-48 months,Month-to-month,Fiber optic,Bank transfer (automatic),91.2,3382.3,0,1,0.2001855226431679,1,False Positive
9701-CDXHR,Female,No,0,51,49-60 months,Month-to-month,Fiber optic,Mailed check,69.15,3649.6,0,0,0.1997449028771857,1,False Positive
2252-JHJGE,Male,No,0,61,61-72 months,One year,Fiber optic,Electronic check,104.0,6363.45,0,0,0.1993729148642306,1,False Positive
3858-XHYJO,Female,No,0,40,37-48 months,One year,Fiber optic,Bank transfer (automatic),105.75,4228.55,0,1,0.19812475967266477,1,False Positive
9097-ZUBYC,Male,No,0,14,13-24 months,Month-to-month,DSL,Bank transfer (automatic),48.8,664.4,0,1,0.1976754909601611,1,False Positive
3930-ZGWVE,Male,No,0,1,0-12 months,Month-to-month,No,Mailed check,19.75,19.75,0,0,0.19615623613003175,1,False Positive
6733-LRIZX,Male,No,0,35,25-36 months,Two year,Fiber optic,Electronic check,108.95,4025.5,0,0,0.19505860892435736,1,False Positive
6286-SUUWT,Male,No,0,1,0-12 months,Month-to-month,No,Mailed check,19.95,19.95,0,0,0.19404609171916232,1,False Positive
8495-PRWFH,Female,No,0,42,37-48 months,Month-to-month,DSL,Electronic check,55.65,2421.75,1,0,0.19363655752523562,1,False Positive
7266-GSSJX,Male,No,0,11,0-12 months,Month-to-month,No,Electronic check,20.45,250.8,0,0,0.19345844309424653,1,False Positive
8749-CLJXC,Male,No,0,1,0-12 months,Month-to-month,No,Mailed check,20.05,20.05,0,0,0.19299753174151876,1,False Positive
1855-CFULU,Female,No,0,4,0-12 months,Month-to-month,No,Mailed check,20.05,91.45,1,0,0.19275251264320017,1,False Positive
2155-AMQRX,Female,No,0,28,25-36 months,Month-to-month,DSL,Credit card (automatic),54.9,1505.15,0,1,0.1913722130182946,1,False Positive
9972-VAFJJ,Female,No,0,53,49-60 months,One year,Fiber optic,Electronic check,94.0,4871.45,1,0,0.19055287634824564,1,False Positive
9122-UMROB,Male,No,0,1,0-12 months,Month-to-month,No,Mailed check,20.3,20.3,0,0,0.19039510029347245,1,False Positive
1194-SPVSP,Male,No,0,1,0-12 months,Month-to-month,No,Bank transfer (automatic),19.65,19.65,0,1,0.18976421400689494,1,False Positive
6654-QGBZZ,Female,No,0,1,0-12 months,Month-to-month,No,Mailed check,19.9,19.9,0,0,0.18945405067796778,1,False Positive
4237-CLSMM,Male,No,0,2,0-12 months,Month-to-month,No,Mailed check,20.0,38.0,0,0,0.18900445224915927,1,False Positive
3639-XJHKQ,Female,No,0,19,13-24 months,Month-to-month,DSL,Electronic check,60.6,1297.8,0,0,0.18894524534422077,1,False Positive
2668-TZSPS,Male,No,0,1,0-12 months,Month-to-month,No,Mailed check,20.45,20.45,0,0,0.1888466310015304,1,False Positive
2308-STERM,Female,No,0,2,0-12 months,Month-to-month,No,Mailed check,19.4,61.05,0,0,0.18868032918775524,1,False Positive
6383-ZTSIW,Female,No,0,39,37-48 months,One year,Fiber optic,Mailed check,99.1,3877.95,1,0,0.18822465903680277,1,False Positive
5951-AOFIH,Male,No,0,33,25-36 months,Month-to-month,DSL,Credit card (automatic),66.4,2245.4,0,1,0.1877019975567134,1,False Positive
0048-LUMLS,Male,No,0,37,37-48 months,One year,Fiber optic,Credit card (automatic),91.2,3247.55,0,1,0.18742443241334603,1,False Positive
3976-NLDEZ,Male,No,0,1,0-12 months,Month-to-month,No,Mailed check,20.6,20.6,0,0,0.1873078884181581,1,False Positive
1051-GEJLJ,Female,No,0,2,0-12 months,Month-to-month,No,Mailed check,19.5,27.55,0,0,0.1864803726074157,1,False Positive
4013-GUXND,Male,No,0,1,0-12 months,Month-to-month,No,Mailed check,20.8,20.8,0,0,0.18527133838776705,1,False Positive
1707-HABPF,Female,No,0,46,37-48 months,One year,Fiber optic,Bank transfer (automatic),91.3,4126.35,1,1,0.18452191816176206,1,False Positive
5140-FOMCQ,Female,No,0,59,49-60 months,One year,Fiber optic,Credit card (automatic),109.15,6557.75,0,1,0.18110927928442572,1,False Positive
4753-PADAS,Female,No,0,67,61-72 months,One year,Fiber optic,Bank transfer (automatic),105.7,6816.95,0,1,0.17972494988250892,1,False Positive
0816-TSPHQ,Male,No,0,2,0-12 months,Month-to-month,No,Mailed check,20.75,44.2,0,0,0.17938832632093676,1,False Positive
2700-LUEVA,Male,No,0,1,0-12 months,Month-to-month,No,Credit card (automatic),20.75,20.75,0,1,0.17864289707032505,1,False Positive
3090-QFUVD,Female,No,0,1,0-12 months,Month-to-month,No,Credit card (automatic),20.3,20.3,0,1,0.17823061946978486,1,False Positive
6497-TILVL,Female,No,0,7,0-12 months,Month-to-month,DSL,Mailed check,50.7,350.35,0,0,0.17612089429616568,1,False Positive
7017-VFULY,Female,No,0,2,0-12 months,Month-to-month,No,Bank transfer (automatic),20.1,43.15,0,1,0.17605101494805644,1,False Positive
0178-CIIKR,Female,No,0,3,0-12 months,Month-to-month,No,Mailed check,19.95,58.0,0,0,0.17586106151775363,1,False Positive
9040-KZVWO,Male,No,0,26,25-36 months,One year,Fiber optic,Bank transfer (automatic),75.5,2018.1,0,1,0.17309171478943958,1,False Positive
1784-BXEFA,Female,No,0,10,0-12 months,Month-to-month,No,Mailed check,20.55,187.35,0,0,0.17288569618047708,1,False Positive
1385-TQOZW,Female,No,0,9,0-12 months,Month-to-month,No,Credit card (automatic),20.45,147.55,0,1,0.17248828220432075,1,False Positive
4184-VODJZ,Male,No,0,63,61-72 months,One year,Fiber optic,Electronic check,91.35,5764.7,0,0,0.17236449482953145,1,False Positive
8433-WPJTV,Female,No,0,65,61-72 months,One year,Fiber optic,Bank transfer (automatic),103.9,6767.1,1,1,0.17205036527108458,1,False Positive
3847-BAERP,Female,No,0,10,0-12 months,Month-to-month,No,Mailed check,20.9,247.0,0,0,0.1714640108468893,1,False Positive
7919-ZODZZ,Female,No,0,10,0-12 months,One year,DSL,Mailed check,65.9,660.05,0,0,0.1705164969428093,1,False Positive
4402-FTBXC,Male,No,0,54,49-60 months,Month-to-month,Fiber optic,Mailed check,89.8,4667.0,0,0,0.16957840942662544,1,False Positive
1629-DQQVB,Female,No,0,14,13-24 months,Month-to-month,DSL,Bank transfer (automatic),50.1,709.5,0,1,0.16879702579028838,1,False Positive
4075-JFPGR,Female,No,0,51,49-60 months,One year,Fiber optic,Electronic check,93.5,4619.55,0,0,0.1687305291971865,1,False Positive
5155-AZQPB,Female,No,0,28,25-36 months,Month-to-month,DSL,Mailed check,49.9,1410.25,0,0,0.16855554587630647,1,False Positive
6112-KTHFQ,Female,No,0,13,13-24 months,Month-to-month,No,Mailed check,19.3,279.3,0,0,0.1673925278375779,1,False Positive
3413-CSSTH,Male,No,0,41,37-48 months,Month-to-month,DSL,Bank transfer (automatic),55.7,2237.55,0,1,0.16575918722215394,1,False Positive
3948-FVVRP,Male,No,0,9,0-12 months,Month-to-month,DSL,Mailed check,54.8,452.8,0,0,0.16530623403275474,1,False Positive
9909-DFRJA,Female,No,0,26,25-36 months,One year,Fiber optic,Bank transfer (automatic),95.85,2475.35,0,1,0.16495967331318956,1,False Positive
0484-FFVBJ,Male,No,0,32,25-36 months,One year,DSL,Bank transfer (automatic),64.85,2010.95,0,1,0.163300939494167,1,False Positive
2159-TURXX,Male,No,0,5,0-12 months,Month-to-month,No,Credit card (automatic),20.05,95.55,0,1,0.16054841615950544,1,False Positive
7356-AYNJP,Female,No,0,4,0-12 months,One year,No,Electronic check,23.9,97.5,0,0,0.16050861250610432,1,False Positive
