customerID,Churn,ChurnValue,tenure,TenureGroup,Contract,InternetService,PaymentMethod,MonthlyCharges,TotalCharges,SeniorCitizen,AutomaticPayment,ChurnProbability,Prediction,PredictionType
0447-BEMNG,Yes,1,48,37-48 months,Month-to-month,DSL,Bank transfer (automatic),45.3,2145.0,0,1,0.30755329508279033,0,False Negative
4701-MLJPN,Yes,1,31,25-36 months,Month-to-month,DSL,Electronic check,55.25,1715.65,0,0,0.3069061158318523,0,False Negative
1087-UDSIH,Yes,1,3,0-12 months,Month-to-month,No,Mailed check,19.6,59.75,0,0,0.29646311541947956,0,False Negative
2091-MJTFX,Yes,1,30,25-36 months,Month-to-month,DSL,Credit card (automatic),51.2,1561.5,0,1,0.29584555665438084,0,False Negative
4489-SNOJF,Yes,1,35,25-36 months,Month-to-month,DSL,Electronic check,72.25,2568.55,0,0,0.29314471666965436,0,False Negative
4160-AMJTL,Yes,1,8,0-12 months,Month-to-month,No,Electronic check,19.65,164.3,1,0,0.2924732525507178,0,False Negative
2659-VXMWZ,Yes,1,67,61-72 months,One year,Fiber optic,Electronic check,111.3,7482.1,0,0,0.29081588255470314,0,False Negative
5445-PZWGX,Yes,1,62,61-72 months,One year,Fiber optic,Electronic check,102.0,6529.25,0,0,0.28963340013939776,0,False Negative
6682-QJDGB,Yes,1,40,37-48 months,Month-to-month,DSL,Mailed check,55.25,2139.2,0,0,0.28644064488980364,0,False Negative
6776-TLWOI,Yes,1,3,0-12 months,Month-to-month,No,Mailed check,19.85,64.55,0,0,0.27494071587183505,0,False Negative
6797-LNAQX,Yes,1,70,61-72 months,Two year,Fiber optic,Bank transfer (automatic),98.3,6859.5,0,1,0.27366008346935083,0,False Negative
1444-VVSGW,Yes,1,70,61-72 months,One year,Fiber optic,Credit card (automatic),115.65,7968.85,0,1,0.27017636059236083,0,False Negative
2839-RFSQE,Yes,1,2,0-12 months,Month-to-month,No,Mailed check,20.65,38.7,0,0,0.2690378930319374,0,False Negative
1150-WFARN,Yes,1,67,61-72 months,Two year,Fiber optic,Credit card (automatic),108.75,7156.2,0,1,0.26683902568228685,0,False Negative
4541-RMRLG,Yes,1,7,0-12 months,Month-to-month,No,Electronic check,19.25,112.3,0,0,0.25789578893768556,0,False Negative
9412-ARGBX,Yes,1,48,37-48 months,Two year,Fiber optic,Mailed check,95.5,4627.85,0,0,0.2560502408963664,0,False Negative
4946-EDSEW,Yes,1,11,0-12 months,Month-to-month,No,Mailed check,19.25,180.3,0,0,0.25230078407049633,0,False Negative
4701-AHWMW,Yes,1,55,49-60 months,Month-to-month,DSL,Bank transfer (automatic),54.55,2978.3,0,1,0.2476952711355381,0,False Negative
9039-RBEEE,Yes,1,39,37-48 months,Month-to-month,DSL,Credit card (automatic),48.95,1880.85,0,1,0.24656621250807892,0,False Negative
9025-ZRPVR,Yes,1,9,0-12 months,Month-to-month,No,Mailed check,18.95,185.6,0,0,0.24184098181008754,0,False Negative
9378-FXTIZ,Yes,1,54,49-60 months,One year,DSL,Credit card (automatic),70.15,3715.65,0,1,0.21429408761091,0,False Negative
2930-UOTMB,Yes,1,31,25-36 months,Month-to-month,DSL,Credit card (automatic),65.25,1994.3,0,1,0.21419725192086994,0,False Negative
4785-QRJHC,Yes,1,46,37-48 months,One year,DSL,Bank transfer (automatic),59.9,2816.65,1,1,0.21069466140285203,0,False Negative
1218-VKFPE,Yes,1,12,0-12 months,Month-to-month,No,Mailed check,19.0,233.55,0,0,0.19641755322045895,0,False Negative
3594-UVONA,Yes,1,35,25-36 months,One year,DSL,Credit card (automatic),85.95,3110.1,0,1,0.17668508420914739,0,False Negative
0628-CNQRM,Yes,1,22,13-24 months,One year,DSL,Bank transfer (automatic),67.5,1544.05,0,1,0.16286388398822646,0,False Negative
6598-RFFVI,Yes,1,2,0-12 months,One year,No,Credit card (automatic),19.3,28.3,0,1,0.15706229872216473,0,False Negative
5271-YNWVR,Yes,1,68,61-72 months,Two year,Fiber optic,Electronic check,113.15,7856.0,0,0,0.14187912085974966,0,False Negative
8869-TORSS,Yes,1,48,37-48 months,One year,DSL,Credit card (automatic),60.35,2896.4,0,1,0.1354579586512243,0,False Negative
2325-ZUSFD,Yes,1,57,49-60 months,One year,DSL,Bank transfer (automatic),70.1,3913.3,0,1,0.12684517761878464,0,False Negative
0866-QLSIR,Yes,1,34,25-36 months,One year,DSL,Mailed check,64.4,2088.75,0,0,0.1227382080978678,0,False Negative
4464-JCOLN,Yes,1,2,0-12 months,One year,No,Mailed check,19.85,35.9,0,0,0.09615081233950805,0,False Negative
3400-ESFUW,Yes,1,55,49-60 months,Two year,DSL,Bank transfer (automatic),57.55,3046.4,0,1,0.06878226325934396,0,False Negative
3705-PSNGL,Yes,1,45,37-48 months,One year,No,Electronic check,20.4,930.45,0,0,0.057204430250119516,0,False Negative
8580-QVLOC,Yes,1,72,61-72 months,Two year,DSL,Credit card (automatic),92.45,6440.25,1,1,0.04829291864278757,0,False Negative
