Model,FPR,TPR,Threshold
Logistic Regression,0.0,0.0,inf
Logistic Regression,0.0,0.00267379679144385,0.9372226847122763
Logistic Regression,0.0,0.008021390374331552,0.9244701316521391
Logistic Regression,0.002898550724637681,0.008021390374331552,0.920533425494398
Logistic Regression,0.002898550724637681,0.03208556149732621,0.9115958889918951
Logistic Regression,0.004830917874396135,0.03208556149732621,0.9082844884445386
Logistic Regression,0.004830917874396135,0.0374331550802139,0.9041966390548424
Logistic Regression,0.005797101449275362,0.0374331550802139,0.9019716479016618
Logistic Regression,0.005797101449275362,0.05614973262032086,0.8949037297933357
Logistic Regression,0.00676328502415459,0.05614973262032086,0.8948891426709611
Logistic Regression,0.00676328502415459,0.058823529411764705,0.8946197060261524
Logistic Regression,0.007729468599033816,0.058823529411764705,0.8938442451164843
Logistic Regression,0.007729468599033816,0.06684491978609626,0.8886019339411642
Logistic Regression,0.010628019323671498,0.06684491978609626,0.8854871579132938
Logistic Regression,0.010628019323671498,0.0962566844919786,0.8801523767601035
Logistic Regression,0.012560386473429951,0.0962566844919786,0.8796933882012297
Logistic Regression,0.012560386473429951,0.10427807486631016,0.8789075746505652
Logistic Regression,0.01352657004830918,0.10427807486631016,0.8782206319224336
Logistic Regression,0.01352657004830918,0.12032085561497326,0.8757150962818645
Logistic Regression,0.014492753623188406,0.12032085561497326,0.8756899988415521
Logistic Regression,0.014492753623188406,0.12299465240641712,0.8752681254102602
Logistic Regression,0.01642512077294686,0.12299465240641712,0.8749014918026711
Logistic Regression,0.01642512077294686,0.13368983957219252,0.8734560054106608
Logistic Regression,0.017391304347826087,0.13368983957219252,0.8725836385266835
Logistic Regression,0.017391304347826087,0.15775401069518716,0.866769876317615
Logistic Regression,0.01932367149758454,0.15775401069518716,0.8655370954238194
Logistic Regression,0.01932367149758454,0.1657754010695187,0.8650872884077837
Logistic Regression,0.020289855072463767,0.16844919786096257,0.8649260210565181
Logistic Regression,0.020289855072463767,0.1711229946524064,0.8642838833928231
Logistic Regression,0.021256038647342997,0.1711229946524064,0.8636675468887166
Logistic Regression,0.021256038647342997,0.17914438502673796,0.8621384615622742
Logistic Regression,0.022222222222222223,0.17914438502673796,0.8610423583712001
Logistic Regression,0.022222222222222223,0.18449197860962566,0.8598447722202219
Logistic Regression,0.024154589371980676,0.18449197860962566,0.8587004912411561
Logistic Regression,0.024154589371980676,0.18983957219251338,0.8582294600535534
Logistic Regression,0.025120772946859903,0.18983957219251338,0.8581988040552347
Logistic Regression,0.025120772946859903,0.19518716577540107,0.8579695906765754
Logistic Regression,0.02608695652173913,0.19518716577540107,0.8578027627042204
Logistic Regression,0.02608695652173913,0.20855614973262032,0.8566359219364033
Logistic Regression,0.028019323671497585,0.20855614973262032,0.8564514206444912
Logistic Regression,0.028019323671497585,0.2192513368983957,0.8548631820364685
Logistic Regression,0.028985507246376812,0.2192513368983957,0.8548540609569364
Logistic Regression,0.028985507246376812,0.232620320855615,0.8519852020464138
Logistic Regression,0.030917874396135265,0.232620320855615,0.8503505183103731
Logistic Regression,0.030917874396135265,0.24331550802139038,0.8476303710668582
Logistic Regression,0.03285024154589372,0.24331550802139038,0.8466007722201183
Logistic Regression,0.03285024154589372,0.2540106951871658,0.8427766997593845
Logistic Regression,0.033816425120772944,0.2540106951871658,0.8421600445300554
Logistic Regression,0.033816425120772944,0.2887700534759358,0.834725243874939
Logistic Regression,0.034782608695652174,0.2887700534759358,0.8342786455104652
Logistic Regression,0.034782608695652174,0.29411764705882354,0.833511359856977
Logistic Regression,0.035748792270531404,0.29411764705882354,0.8334569550749431
Logistic Regression,0.035748792270531404,0.2994652406417112,0.8332500000268896
Logistic Regression,0.03671497584541063,0.2994652406417112,0.832658176203684
Logistic Regression,0.03671497584541063,0.3074866310160428,0.8319751094716674
Logistic Regression,0.03864734299516908,0.3074866310160428,0.8308229590413431
Logistic Regression,0.03864734299516908,0.31283422459893045,0.829934884191405
Logistic Regression,0.04154589371980676,0.31283422459893045,0.8276001362545884
Logistic Regression,0.04154589371980676,0.32887700534759357,0.824333614744799
Logistic Regression,0.04251207729468599,0.32887700534759357,0.8242690712512128
Logistic Regression,0.04251207729468599,0.3449197860962567,0.8230283088098888
Logistic Regression,0.04541062801932367,0.3449197860962567,0.8196721259032524
Logistic Regression,0.04541062801932367,0.34759358288770054,0.8189400529593432
Logistic Regression,0.0463768115942029,0.34759358288770054,0.8186558202507168
Logistic Regression,0.0463768115942029,0.35294117647058826,0.8159851724907676
Logistic Regression,0.04734299516908213,0.35294117647058826,0.8144158552708806
Logistic Regression,0.04734299516908213,0.36363636363636365,0.8121724946508165
Logistic Regression,0.04927536231884058,0.36363636363636365,0.8120604321700198
Logistic Regression,0.04927536231884058,0.3663101604278075,0.8118430690430866
Logistic Regression,0.051207729468599035,0.3663101604278075,0.8108314202058823
Logistic Regression,0.051207729468599035,0.3716577540106952,0.8100344403299153
Logistic Regression,0.05217391304347826,0.3716577540106952,0.8092976508984049
Logistic Regression,0.05217391304347826,0.37433155080213903,0.8064896294934801
Logistic Regression,0.05314009661835749,0.37433155080213903,0.8063644223773494
Logistic Regression,0.05314009661835749,0.37967914438502676,0.805518514622612
Logistic Regression,0.05410628019323672,0.37967914438502676,0.8050493773198064
Logistic Regression,0.05410628019323672,0.3850267379679144,0.8048600324798842
Logistic Regression,0.05603864734299517,0.3850267379679144,0.8041150081821045
Logistic Regression,0.05603864734299517,0.3877005347593583,0.8038886709833379
Logistic Regression,0.057971014492753624,0.3877005347593583,0.8034151726099904
Logistic Regression,0.057971014492753624,0.39037433155080214,0.8028263438849272
Logistic Regression,0.05893719806763285,0.39037433155080214,0.802343204645084
Logistic Regression,0.05893719806763285,0.39572192513368987,0.800795838493616
Logistic Regression,0.05990338164251208,0.39572192513368987,0.8006986159984939
Logistic Regression,0.05990338164251208,0.3983957219251337,0.8004617016956748
Logistic Regression,0.06086956521739131,0.3983957219251337,0.7997772214099367
Logistic Regression,0.06086956521739131,0.40106951871657753,0.7996063165178696
Logistic Regression,0.06280193236714976,0.40106951871657753,0.7992749037446503
Logistic Regression,0.06280193236714976,0.4037433155080214,0.7975571654082918
Logistic Regression,0.06376811594202898,0.4037433155080214,0.7961191355759285
Logistic Regression,0.06376811594202898,0.42245989304812837,0.7919371979747061
Logistic Regression,0.06570048309178744,0.42245989304812837,0.7900391725398489
Logistic Regression,0.06570048309178744,0.4304812834224599,0.7888795025809213
Logistic Regression,0.07053140096618357,0.4304812834224599,0.7858779758007088
Logistic Regression,0.07053140096618357,0.4385026737967914,0.7850363949236446
Logistic Regression,0.07149758454106281,0.4385026737967914,0.7827576422909398
Logistic Regression,0.07149758454106281,0.4411764705882353,0.7818118156445887
Logistic Regression,0.07536231884057971,0.4411764705882353,0.7799266024115852
Logistic Regression,0.07536231884057971,0.44385026737967914,0.7795053648594621
Logistic Regression,0.07632850241545894,0.44385026737967914,0.7783524475762792
Logistic Regression,0.07632850241545894,0.44919786096256686,0.7781006426611786
Logistic Regression,0.07729468599033816,0.44919786096256686,0.7760835265048375
Logistic Regression,0.07729468599033816,0.4572192513368984,0.7755307765452822
Logistic Regression,0.08019323671497584,0.4572192513368984,0.7734275196143452
Logistic Regression,0.08019323671497584,0.4625668449197861,0.7729279851972238
Logistic Regression,0.08115942028985507,0.4625668449197861,0.7704537078761226
Logistic Regression,0.08115942028985507,0.46524064171123,0.7696499252729104
Logistic Regression,0.08309178743961353,0.46524064171123,0.7679567275472416
Logistic Regression,0.08309178743961353,0.4679144385026738,0.7678990646751229
Logistic Regression,0.08405797101449275,0.4679144385026738,0.7674560835071683
Logistic Regression,0.08405797101449275,0.47058823529411764,0.7671050344366891
Logistic Regression,0.08599033816425121,0.47058823529411764,0.7648604960381248
Logistic Regression,0.08599033816425121,0.4732620320855615,0.7646633772818281
Logistic Regression,0.08695652173913043,0.4732620320855615,0.7646178461755203
Logistic Regression,0.08695652173913043,0.47593582887700536,0.7637702829988647
Logistic Regression,0.08985507246376812,0.47593582887700536,0.7613177166907382
Logistic Regression,0.08985507246376812,0.4946524064171123,0.7577621169575596
Logistic Regression,0.09082125603864734,0.4946524064171123,0.7570694357618266
Logistic Regression,0.09082125603864734,0.49732620320855614,0.7568309221151754
Logistic Regression,0.0927536231884058,0.49732620320855614,0.7551795205229471
Logistic Regression,0.0927536231884058,0.5080213903743316,0.7537968561786408
Logistic Regression,0.09565217391304348,0.5080213903743316,0.7487099087245065
Logistic Regression,0.09565217391304348,0.5106951871657754,0.7483310967433993
Logistic Regression,0.09758454106280193,0.5106951871657754,0.7471621338478164
Logistic Regression,0.09758454106280193,0.516042780748663,0.7468077444909502
Logistic Regression,0.09855072463768116,0.516042780748663,0.7467173924762355
Logistic Regression,0.09855072463768116,0.5454545454545454,0.7408068502752704
Logistic Regression,0.09951690821256039,0.5454545454545454,0.7406101473859121
Logistic Regression,0.09951690821256039,0.5508021390374331,0.7384223475596373
Logistic Regression,0.10241545893719807,0.5508021390374331,0.7360766151548028
Logistic Regression,0.10241545893719807,0.553475935828877,0.7349777665408076
Logistic Regression,0.10338164251207729,0.553475935828877,0.7345164081050604
Logistic Regression,0.10338164251207729,0.5561497326203209,0.7338311706266214
Logistic Regression,0.10434782608695652,0.5561497326203209,0.7333590794668036
Logistic Regression,0.10434782608695652,0.5588235294117647,0.7328313290745975
Logistic Regression,0.10628019323671498,0.5588235294117647,0.7310197885152042
Logistic Regression,0.10628019323671498,0.5614973262032086,0.72941654970143
Logistic Regression,0.1072463768115942,0.5614973262032086,0.728985734844026
Logistic Regression,0.1072463768115942,0.5668449197860963,0.7286615502378495
Logistic Regression,0.11497584541062802,0.5668449197860963,0.7257462145463879
Logistic Regression,0.11497584541062802,0.56951871657754,0.7252395036490402
Logistic Regression,0.11594202898550725,0.56951871657754,0.7247262038690336
Logistic Regression,0.11594202898550725,0.5721925133689839,0.7246959953060663
Logistic Regression,0.11884057971014493,0.5721925133689839,0.7230753585640666
Logistic Regression,0.11884057971014493,0.5775401069518716,0.7213358541274559
Logistic Regression,0.11980676328502415,0.5775401069518716,0.7205953179779607
Logistic Regression,0.11980676328502415,0.5802139037433155,0.7202521661720791
Logistic Regression,0.12753623188405797,0.5802139037433155,0.7132717731421752
Logistic Regression,0.12753623188405797,0.5855614973262032,0.7131166084062285
Logistic Regression,0.1294685990338164,0.5855614973262032,0.7123782388915291
Logistic Regression,0.1294685990338164,0.5882352941176471,0.7117784809139732
Logistic Regression,0.13043478260869565,0.5882352941176471,0.7113852235908003
Logistic Regression,0.13043478260869565,0.5909090909090909,0.7100952923497937
Logistic Regression,0.1323671497584541,0.5909090909090909,0.7086396469274453
Logistic Regression,0.1323671497584541,0.5935828877005348,0.7081774411341853
Logistic Regression,0.13623188405797101,0.5935828877005348,0.7047103219165956
Logistic Regression,0.13623188405797101,0.5962566844919787,0.7045339872092184
Logistic Regression,0.14202898550724638,0.5962566844919787,0.7032557808435989
Logistic Regression,0.14202898550724638,0.5989304812834224,0.7028671774658954
Logistic Regression,0.14299516908212562,0.5989304812834224,0.702288547865903
Logistic Regression,0.14299516908212562,0.606951871657754,0.7004868708504164
Logistic Regression,0.15072463768115943,0.606951871657754,0.694406146064654
Logistic Regression,0.15072463768115943,0.6096256684491979,0.6936647576741458
Logistic Regression,0.15265700483091788,0.6096256684491979,0.6931492964379329
Logistic Regression,0.15265700483091788,0.6122994652406417,0.6929475125122972
Logistic Regression,0.157487922705314,0.6122994652406417,0.6896943479200777
Logistic Regression,0.157487922705314,0.6149732620320856,0.6876875434661365
Logistic Regression,0.15845410628019324,0.6149732620320856,0.687561868093546
Logistic Regression,0.15845410628019324,0.6176470588235294,0.6859824805719551
Logistic Regression,0.16521739130434782,0.6176470588235294,0.6771647881789984
Logistic Regression,0.16521739130434782,0.6203208556149733,0.677125908430529
Logistic Regression,0.1681159420289855,0.6203208556149733,0.6762198377057771
Logistic Regression,0.1681159420289855,0.6256684491978609,0.6747826255174553
Logistic Regression,0.17004830917874397,0.6256684491978609,0.6743653831809571
Logistic Regression,0.17004830917874397,0.6283422459893048,0.6742644103198915
Logistic Regression,0.17198067632850242,0.6283422459893048,0.672044546660915
Logistic Regression,0.17198067632850242,0.6336898395721925,0.6716405795399886
Logistic Regression,0.17391304347826086,0.6336898395721925,0.6676342185952874
Logistic Regression,0.17391304347826086,0.6443850267379679,0.6645118928291694
Logistic Regression,0.18067632850241547,0.6443850267379679,0.6621367216205964
Logistic Regression,0.18067632850241547,0.6524064171122995,0.6604922349702951
Logistic Regression,0.18357487922705315,0.6524064171122995,0.6579818926009694
Logistic Regression,0.18357487922705315,0.6550802139037433,0.6559416849316178
Logistic Regression,0.18743961352657004,0.6550802139037433,0.6527207208934285
Logistic Regression,0.18743961352657004,0.6657754010695187,0.6460358780698546
Logistic Regression,0.18840579710144928,0.6657754010695187,0.6452869262294006
Logistic Regression,0.18840579710144928,0.6684491978609626,0.6433011919058028
Logistic Regression,0.18937198067632852,0.6684491978609626,0.6431327990869699
Logistic Regression,0.18937198067632852,0.6737967914438503,0.640460115026607
Logistic Regression,0.19420289855072465,0.6737967914438503,0.6344862069950656
Logistic Regression,0.19420289855072465,0.6764705882352942,0.6343032575961214
Logistic Regression,0.1961352657004831,0.6764705882352942,0.6331937371652401
Logistic Regression,0.1961352657004831,0.6844919786096256,0.6278810177833113
Logistic Regression,0.19806763285024154,0.6844919786096256,0.6274776590942175
Logistic Regression,0.19806763285024154,0.6925133689839572,0.6255928436432606
Logistic Regression,0.19903381642512077,0.6925133689839572,0.6254708990291895
Logistic Regression,0.19903381642512077,0.6951871657754011,0.6253186935759312
Logistic Regression,0.2038647342995169,0.6951871657754011,0.621709847722553
Logistic Regression,0.2038647342995169,0.6978609625668449,0.620847147919496
Logistic Regression,0.20772946859903382,0.6978609625668449,0.616258381885628
Logistic Regression,0.20772946859903382,0.7005347593582888,0.6154200872323953
Logistic Regression,0.20869565217391303,0.7005347593582888,0.6153515868332862
Logistic Regression,0.20869565217391303,0.7058823529411765,0.6134457532413085
Logistic Regression,0.2135265700483092,0.7058823529411765,0.606454806821212
Logistic Regression,0.2135265700483092,0.7085561497326203,0.6043253971027868
Logistic Regression,0.21835748792270532,0.7085561497326203,0.5958439648425453
Logistic Regression,0.21835748792270532,0.7112299465240641,0.5950907982474856
Logistic Regression,0.21932367149758455,0.7112299465240641,0.5941154897744161
Logistic Regression,0.21932367149758455,0.713903743315508,0.5941018051229756
Logistic Regression,0.22028985507246376,0.713903743315508,0.593894548992701
Logistic Regression,0.22028985507246376,0.7165775401069518,0.5921694493201033
Logistic Regression,0.221256038647343,0.7165775401069518,0.5884320606665865
Logistic Regression,0.221256038647343,0.7192513368983957,0.5870551291336142
Logistic Regression,0.22415458937198068,0.7192513368983957,0.5834135901321912
Logistic Regression,0.22415458937198068,0.7299465240641712,0.5779770437775618
Logistic Regression,0.22801932367149758,0.7299465240641712,0.5749015838915554
Logistic Regression,0.22801932367149758,0.7352941176470589,0.5730132568140515
Logistic Regression,0.22995169082125605,0.7352941176470589,0.570570111599936
Logistic Regression,0.22995169082125605,0.7379679144385026,0.5693178159152571
Logistic Regression,0.23381642512077294,0.7379679144385026,0.5641653902813012
Logistic Regression,0.23381642512077294,0.7406417112299465,0.5618362772131317
Logistic Regression,0.2396135265700483,0.7406417112299465,0.5586317989225853
Logistic Regression,0.2396135265700483,0.7433155080213903,0.5582425241745556
Logistic Regression,0.24057971014492754,0.7433155080213903,0.5566567230737131
Logistic Regression,0.24057971014492754,0.7459893048128342,0.5558906501484197
Logistic Regression,0.24444444444444444,0.7459893048128342,0.5540131164734614
Logistic Regression,0.24444444444444444,0.7486631016042781,0.5534739308359082
Logistic Regression,0.24830917874396136,0.7486631016042781,0.5518355296933891
Logistic Regression,0.24830917874396136,0.7513368983957219,0.5509937743143654
Logistic Regression,0.2492753623188406,0.7513368983957219,0.5503869904126264
Logistic Regression,0.2492753623188406,0.7540106951871658,0.5493232568631722
Logistic Regression,0.2541062801932367,0.7540106951871658,0.5441166075011765
Logistic Regression,0.2541062801932367,0.7620320855614974,0.538156260904973
Logistic Regression,0.2570048309178744,0.7620320855614974,0.5344708400976192
Logistic Regression,0.2570048309178744,0.7647058823529411,0.5333506920839611
Logistic Regression,0.2647342995169082,0.7647058823529411,0.5273668508209653
Logistic Regression,0.2647342995169082,0.7700534759358288,0.5202177033164277
Logistic Regression,0.26570048309178745,0.7700534759358288,0.5201979112097419
Logistic Regression,0.26570048309178745,0.7754010695187166,0.5167995413041288
Logistic Regression,0.27342995169082124,0.7754010695187166,0.5095525787883151
Logistic Regression,0.27342995169082124,0.7780748663101604,0.509113696028625
Logistic Regression,0.2743961352657005,0.7780748663101604,0.5083496670219645
Logistic Regression,0.2743961352657005,0.7807486631016043,0.5079156918929341
Logistic Regression,0.2753623188405797,0.7807486631016043,0.5053779995771619
Logistic Regression,0.2753623188405797,0.7834224598930482,0.5043648545874327
Logistic Regression,0.28309178743961355,0.7834224598930482,0.4953877793795601
Logistic Regression,0.28309178743961355,0.786096256684492,0.49441305574068245
Logistic Regression,0.28502415458937197,0.786096256684492,0.49376111828858493
Logistic Regression,0.28502415458937197,0.7914438502673797,0.49310472382793546
Logistic Regression,0.29178743961352654,0.7914438502673797,0.4887966231658724
Logistic Regression,0.29178743961352654,0.7967914438502673,0.4882813065319594
Logistic Regression,0.293719806763285,0.7967914438502673,0.48560625077406977
Logistic Regression,0.293719806763285,0.8021390374331551,0.4845216907414856
Logistic Regression,0.2975845410628019,0.8021390374331551,0.4821267728443434
Logistic Regression,0.2975845410628019,0.8048128342245989,0.48171516889648575
Logistic Regression,0.2985507246376812,0.8048128342245989,0.4810957567026184
Logistic Regression,0.2985507246376812,0.8074866310160428,0.4809850471042606
Logistic Regression,0.3004830917874396,0.8074866310160428,0.4778739103181244
Logistic Regression,0.3004830917874396,0.8101604278074866,0.47763834219693563
Logistic Regression,0.30434782608695654,0.8101604278074866,0.47481633789674316
Logistic Regression,0.30434782608695654,0.8128342245989305,0.47435168917555154
Logistic Regression,0.30531400966183575,0.8128342245989305,0.4732035414789648
Logistic Regression,0.30531400966183575,0.8262032085561497,0.469856505923054
Logistic Regression,0.3120772946859903,0.8262032085561497,0.4607298274374351
Logistic Regression,0.3120772946859903,0.8288770053475936,0.4607264070913574
Logistic Regression,0.3130434782608696,0.8288770053475936,0.46004574932323616
Logistic Regression,0.3130434782608696,0.8315508021390374,0.4599201996377934
Logistic Regression,0.3178743961352657,0.8315508021390374,0.45706043150631726
Logistic Regression,0.3178743961352657,0.839572192513369,0.45239451790078683
Logistic Regression,0.3217391304347826,0.839572192513369,0.4489530737818911
Logistic Regression,0.3217391304347826,0.8422459893048129,0.4479698901359185
Logistic Regression,0.32753623188405795,0.8422459893048129,0.4420575649927245
Logistic Regression,0.32753623188405795,0.8449197860962567,0.44111875281710927
Logistic Regression,0.34299516908212563,0.8449197860962567,0.4276712666334743
Logistic Regression,0.34299516908212563,0.8475935828877005,0.4268405224374296
Logistic Regression,0.3458937198067633,0.8475935828877005,0.4243618357200924
Logistic Regression,0.3458937198067633,0.8502673796791443,0.42277256493781357
Logistic Regression,0.35555555555555557,0.8502673796791443,0.4115872795620695
Logistic Regression,0.35555555555555557,0.8529411764705882,0.41132933190110366
Logistic Regression,0.3565217391304348,0.8529411764705882,0.4107351296651949
Logistic Regression,0.3565217391304348,0.8582887700534759,0.40762472478651723
Logistic Regression,0.35942028985507246,0.8582887700534759,0.405309805297494
Logistic Regression,0.35942028985507246,0.8609625668449198,0.4047674950424315
Logistic Regression,0.36038647342995167,0.8609625668449198,0.40393518538115253
Logistic Regression,0.36038647342995167,0.8636363636363636,0.4039265627252157
Logistic Regression,0.36328502415458935,0.8636363636363636,0.4007768637345108
Logistic Regression,0.36328502415458935,0.8663101604278075,0.39991031413854977
Logistic Regression,0.3642512077294686,0.8689839572192514,0.39882788140197817
Logistic Regression,0.3642512077294686,0.8770053475935828,0.3977365686231307
Logistic Regression,0.3719806763285024,0.8770053475935828,0.3919818310984823
Logistic Regression,0.3719806763285024,0.8823529411764706,0.3903944987431961
Logistic Regression,0.38357487922705313,0.8823529411764706,0.3839369309625324
Logistic Regression,0.38357487922705313,0.8850267379679144,0.38214525248198256
Logistic Regression,0.38454106280193234,0.8850267379679144,0.3811930305188915
Logistic Regression,0.38454106280193234,0.8877005347593583,0.37993432804890487
Logistic Regression,0.3855072463768116,0.8877005347593583,0.37896676238597327
Logistic Regression,0.3855072463768116,0.8903743315508021,0.376605306814772
Logistic Regression,0.3864734299516908,0.8903743315508021,0.3760126168568047
Logistic Regression,0.3864734299516908,0.893048128342246,0.37435213327208117
Logistic Regression,0.38743961352657,0.893048128342246,0.37387859879041874
Logistic Regression,0.38743961352657,0.8957219251336899,0.37288446196487013
Logistic Regression,0.3893719806763285,0.8957219251336899,0.37045411288818186
Logistic Regression,0.3893719806763285,0.8983957219251337,0.3702900425302408
Logistic Regression,0.3932367149758454,0.8983957219251337,0.36675550906263377
Logistic Regression,0.3932367149758454,0.9010695187165776,0.36545683513028815
Logistic Regression,0.4077294685990338,0.9010695187165776,0.34958174966443667
Logistic Regression,0.4077294685990338,0.9064171122994652,0.3476268772679481
Logistic Regression,0.40869565217391307,0.9064171122994652,0.3466038951181829
Logistic Regression,0.40869565217391307,0.9090909090909091,0.34419681418353604
Logistic Regression,0.4096618357487923,0.9090909090909091,0.3421941979706584
Logistic Regression,0.4096618357487923,0.9117647058823529,0.3419973135031125
Logistic Regression,0.4106280193236715,0.9117647058823529,0.3413694757460556
Logistic Regression,0.4106280193236715,0.9144385026737968,0.338617052833906
Logistic Regression,0.42028985507246375,0.9144385026737968,0.3316172247553926
Logistic Regression,0.42028985507246375,0.9171122994652406,0.33031340923973307
Logistic Regression,0.4222222222222222,0.9171122994652406,0.32815294512601245
Logistic Regression,0.4222222222222222,0.9197860962566845,0.3275943179380527
Logistic Regression,0.4270531400966184,0.9197860962566845,0.32416517207284906
Logistic Regression,0.4270531400966184,0.9224598930481284,0.32406677258274236
Logistic Regression,0.42995169082125606,0.9224598930481284,0.32255431632109605
Logistic Regression,0.42995169082125606,0.9251336898395722,0.3187958177635618
Logistic Regression,0.4444444444444444,0.9251336898395722,0.3002853604358571
Logistic Regression,0.4444444444444444,0.9278074866310161,0.2992634780476617
Logistic Regression,0.4473429951690821,0.9278074866310161,0.29898155883644695
Logistic Regression,0.4473429951690821,0.93048128342246,0.29719296648317456
Logistic Regression,0.45507246376811594,0.93048128342246,0.29101494485089713
Logistic Regression,0.45507246376811594,0.9331550802139037,0.2899581331284697
Logistic Regression,0.47632850241545893,0.9331550802139037,0.27262523768000996
Logistic Regression,0.47632850241545893,0.9358288770053476,0.27080953365725247
Logistic Regression,0.48695652173913045,0.9358288770053476,0.25482285089839785
Logistic Regression,0.48695652173913045,0.9385026737967914,0.2523796702626844
Logistic Regression,0.49082125603864735,0.9385026737967914,0.248179036378793
Logistic Regression,0.49082125603864735,0.9411764705882353,0.2476442802153424
Logistic Regression,0.49468599033816424,0.9411764705882353,0.2437371663394088
Logistic Regression,0.49468599033816424,0.9438502673796791,0.24358172491481395
Logistic Regression,0.5072463768115942,0.9438502673796791,0.23290820248317892
Logistic Regression,0.5072463768115942,0.946524064171123,0.2326915840161682
Logistic Regression,0.5091787439613527,0.946524064171123,0.23182073607397538
Logistic Regression,0.5091787439613527,0.9491978609625669,0.2314784010444525
Logistic Regression,0.5111111111111111,0.9491978609625669,0.2289204321559302
Logistic Regression,0.5111111111111111,0.9518716577540107,0.2282450364318173
Logistic Regression,0.514975845410628,0.9518716577540107,0.22523015319513173
Logistic Regression,0.514975845410628,0.9545454545454546,0.224433303749063
Logistic Regression,0.5256038647342995,0.9545454545454546,0.21680328295685788
Logistic Regression,0.5256038647342995,0.9572192513368984,0.21574166128770172
Logistic Regression,0.5304347826086957,0.9572192513368984,0.2129575298123198
Logistic Regression,0.5304347826086957,0.9598930481283422,0.21278207351164122
Logistic Regression,0.5381642512077295,0.9598930481283422,0.20254957850266095
Logistic Regression,0.5381642512077295,0.9625668449197861,0.20187220630269598
Logistic Regression,0.5458937198067633,0.9625668449197861,0.19810916823248947
Logistic Regression,0.5458937198067633,0.9652406417112299,0.19789742237860777
Logistic Regression,0.5507246376811594,0.9652406417112299,0.19133359364784192
Logistic Regression,0.5507246376811594,0.9705882352941176,0.19005070329001916
Logistic Regression,0.5555555555555556,0.9705882352941176,0.18637710203286412
Logistic Regression,0.5555555555555556,0.9732620320855615,0.1863349708219535
Logistic Regression,0.5671497584541063,0.9732620320855615,0.1814350604013353
Logistic Regression,0.5671497584541063,0.9759358288770054,0.18007272870286606
Logistic Regression,0.6,0.9759358288770054,0.1581524114860103
Logistic Regression,0.6,0.9786096256684492,0.15687034799704971
Logistic Regression,0.6280193236714976,0.9786096256684492,0.13849574455146596
Logistic Regression,0.6280193236714976,0.983957219251337,0.1373563176301593
Logistic Regression,0.629951690821256,0.983957219251337,0.1346270393889055
Logistic Regression,0.629951690821256,0.9866310160427807,0.1333336833226645
Logistic Regression,0.6695652173913044,0.9866310160427807,0.11082105800632353
Logistic Regression,0.6695652173913044,0.9893048128342246,0.10955142699070894
Logistic Regression,0.736231884057971,0.9893048128342246,0.08180019990646802
Logistic Regression,0.736231884057971,0.9919786096256684,0.08154112473892355
Logistic Regression,0.7584541062801933,0.9919786096256684,0.0725999328301067
Logistic Regression,0.7584541062801933,0.9946524064171123,0.0719134123114882
Logistic Regression,0.8743961352657005,0.9946524064171123,0.025509239089315662
Logistic Regression,0.8743961352657005,0.9973262032085561,0.025365580135583807
Logistic Regression,0.9024154589371981,0.9973262032085561,0.017948921186774276
Logistic Regression,0.9024154589371981,1.0,0.017787266110471895
Logistic Regression,1.0,1.0,0.005062807848683126
Decision Tree,0.0,0.0,inf
Decision Tree,0.000966183574879227,0.01871657754010695,1.0
Decision Tree,0.003864734299516908,0.10962566844919786,0.9288346979299833
Decision Tree,0.033816425120772944,0.25133689839572193,0.8775799670992493
Decision Tree,0.057971014492753624,0.3582887700534759,0.7772721297519247
Decision Tree,0.1111111111111111,0.516042780748663,0.7523359432701114
Decision Tree,0.14009661835748793,0.6176470588235294,0.7461581514687157
Decision Tree,0.1603864734299517,0.6443850267379679,0.6356446287337778
Decision Tree,0.20676328502415459,0.7165775401069518,0.620548520915427
Decision Tree,0.22995169082125605,0.7459893048128342,0.5756590058215599
Decision Tree,0.24057971014492754,0.7486631016042781,0.5356541995599843
Decision Tree,0.24541062801932367,0.7566844919786097,0.5310873811322908
Decision Tree,0.2792270531400966,0.7887700534759359,0.49811877676150745
Decision Tree,0.28405797101449276,0.7914438502673797,0.4683413348851495
Decision Tree,0.30144927536231886,0.7967914438502673,0.46113062626156714
Decision Tree,0.32560386473429953,0.8021390374331551,0.41672854499918194
Decision Tree,0.32657004830917874,0.8021390374331551,0.4090325130941792
Decision Tree,0.3526570048309179,0.8502673796791443,0.4003345461579812
Decision Tree,0.4357487922705314,0.893048128342246,0.3895871306989082
Decision Tree,0.45507246376811594,0.9010695187165776,0.38265023112480717
Decision Tree,0.4608695652173913,0.9090909090909091,0.3682302439892352
Decision Tree,0.4753623188405797,0.9278074866310161,0.31904501625742815
Decision Tree,0.49082125603864735,0.93048128342246,0.31217709393973697
Decision Tree,0.5072463768115942,0.9358288770053476,0.22798598153363125
Decision Tree,0.5565217391304348,0.9518716577540107,0.18511302617198008
Decision Tree,0.5816425120772947,0.9598930481283422,0.1525919713175755
Decision Tree,0.6376811594202898,0.9705882352941176,0.08523150150176612
Decision Tree,0.7690821256038647,0.9919786096256684,0.07740210195609026
Decision Tree,0.7913043478260869,0.9919786096256684,0.07633503315105611
Decision Tree,0.9777777777777777,0.9973262032085561,0.024274073416232344
Decision Tree,1.0,1.0,0.0
Random Forest,0.0,0.0,inf
Random Forest,0.0,0.00267379679144385,0.9333444065864328
Random Forest,0.0,0.0213903743315508,0.9108794450478499
Random Forest,0.000966183574879227,0.0213903743315508,0.910072479353628
Random Forest,0.000966183574879227,0.029411764705882353,0.9073476075235891
Random Forest,0.001932367149758454,0.029411764705882353,0.906811588101681
Random Forest,0.001932367149758454,0.040106951871657755,0.9020611152476189
Random Forest,0.002898550724637681,0.0427807486631016,0.8994111155426187
Random Forest,0.002898550724637681,0.06149732620320856,0.8933534915635676
Random Forest,0.003864734299516908,0.06149732620320856,0.8931204219038542
Random Forest,0.003864734299516908,0.06951871657754011,0.8907151820152162
Random Forest,0.004830917874396135,0.06951871657754011,0.8905901013577727
Random Forest,0.004830917874396135,0.07219251336898395,0.890568644668165
Random Forest,0.005797101449275362,0.07219251336898395,0.8899746171147528
Random Forest,0.005797101449275362,0.08823529411764706,0.887566011932011
Random Forest,0.00676328502415459,0.08823529411764706,0.8856295672027911
Random Forest,0.00676328502415459,0.10695187165775401,0.8815249555656012
Random Forest,0.00966183574879227,0.10695187165775401,0.8810336415297297
Random Forest,0.00966183574879227,0.11764705882352941,0.878049578851327
Random Forest,0.010628019323671498,0.11764705882352941,0.8764770572069798
Random Forest,0.010628019323671498,0.13636363636363635,0.8736606908211003
Random Forest,0.01352657004830918,0.13636363636363635,0.8713396924826954
Random Forest,0.01352657004830918,0.1443850267379679,0.8699325016340356
Random Forest,0.014492753623188406,0.1443850267379679,0.8691664992028766
Random Forest,0.014492753623188406,0.15775401069518716,0.8662952602112807
Random Forest,0.015458937198067632,0.15775401069518716,0.8622863398960244
Random Forest,0.015458937198067632,0.16310160427807488,0.8599653973523005
Random Forest,0.01642512077294686,0.16310160427807488,0.8597827577308341
Random Forest,0.01642512077294686,0.1657754010695187,0.8592783595813512
Random Forest,0.018357487922705314,0.1657754010695187,0.8591207361031905
Random Forest,0.018357487922705314,0.1925133689839572,0.8517346452956973
Random Forest,0.020289855072463767,0.1925133689839572,0.8505438547253018
Random Forest,0.020289855072463767,0.20053475935828877,0.8491461118849318
Random Forest,0.022222222222222223,0.20053475935828877,0.8476217164315949
Random Forest,0.022222222222222223,0.21122994652406418,0.8443147057455272
Random Forest,0.02318840579710145,0.21122994652406418,0.843632139700401
Random Forest,0.02318840579710145,0.2192513368983957,0.8395260814488819
Random Forest,0.025120772946859903,0.2192513368983957,0.8383587992832917
Random Forest,0.025120772946859903,0.23529411764705882,0.8350892074598858
Random Forest,0.02608695652173913,0.23529411764705882,0.835019964697388
Random Forest,0.02608695652173913,0.23796791443850268,0.8332834315924276
Random Forest,0.02705314009661836,0.23796791443850268,0.8320505390009535
Random Forest,0.02705314009661836,0.25668449197860965,0.8250244364598266
Random Forest,0.028985507246376812,0.25668449197860965,0.8246227994192811
Random Forest,0.028985507246376812,0.25935828877005346,0.8242106757237289
Random Forest,0.030917874396135265,0.25935828877005346,0.8208697591154336
Random Forest,0.030917874396135265,0.2647058823529412,0.8189520231513246
Random Forest,0.03188405797101449,0.2647058823529412,0.8186798196689845
Random Forest,0.03188405797101449,0.26737967914438504,0.8156019355631838
Random Forest,0.03285024154589372,0.26737967914438504,0.8151111612832126
Random Forest,0.03285024154589372,0.2700534759358289,0.8140680314643552
Random Forest,0.034782608695652174,0.2700534759358289,0.8123594981550012
Random Forest,0.034782608695652174,0.2727272727272727,0.8113582389821407
Random Forest,0.035748792270531404,0.2727272727272727,0.8103492632279297
Random Forest,0.035748792270531404,0.2807486631016043,0.8095578835505653
Random Forest,0.03671497584541063,0.2807486631016043,0.8090281215085467
Random Forest,0.03671497584541063,0.28342245989304815,0.8072383333122413
Random Forest,0.03768115942028986,0.28342245989304815,0.8071161257210427
Random Forest,0.03768115942028986,0.31016042780748665,0.8025989836108061
Random Forest,0.03864734299516908,0.31016042780748665,0.801609275099154
Random Forest,0.03864734299516908,0.3155080213903743,0.8009736333389019
Random Forest,0.03961352657004831,0.3155080213903743,0.8008811670806335
Random Forest,0.03961352657004831,0.32887700534759357,0.7972579414202617
Random Forest,0.043478260869565216,0.32887700534759357,0.7941625937159533
Random Forest,0.043478260869565216,0.3315508021390374,0.7939767645748599
Random Forest,0.044444444444444446,0.3315508021390374,0.7934350712679487
Random Forest,0.044444444444444446,0.33689839572192515,0.7922617415109308
Random Forest,0.0463768115942029,0.33689839572192515,0.7910349684401167
Random Forest,0.0463768115942029,0.3449197860962567,0.7885878356785866
Random Forest,0.04734299516908213,0.3449197860962567,0.7877834896551755
Random Forest,0.04734299516908213,0.3502673796791444,0.7861817967732722
Random Forest,0.04830917874396135,0.3502673796791444,0.7860452808870083
Random Forest,0.04830917874396135,0.35294117647058826,0.784882979264763
Random Forest,0.051207729468599035,0.35294117647058826,0.7811901729816444
Random Forest,0.051207729468599035,0.3582887700534759,0.7786554916861319
Random Forest,0.05217391304347826,0.3582887700534759,0.7777185286609866
Random Forest,0.05217391304347826,0.3609625668449198,0.7769670046256985
Random Forest,0.05314009661835749,0.3609625668449198,0.7767129971329659
Random Forest,0.05314009661835749,0.3663101604278075,0.7747576893053212
Random Forest,0.05410628019323672,0.3663101604278075,0.7742949508744849
Random Forest,0.05410628019323672,0.37433155080213903,0.7707887904665169
Random Forest,0.057004830917874394,0.37433155080213903,0.7674372523412849
Random Forest,0.057004830917874394,0.3770053475935829,0.7672947954611465
Random Forest,0.05893719806763285,0.3770053475935829,0.766446474318468
Random Forest,0.05893719806763285,0.38235294117647056,0.7641135441748474
Random Forest,0.05990338164251208,0.38235294117647056,0.762963123004206
Random Forest,0.05990338164251208,0.39572192513368987,0.7591462517579572
Random Forest,0.06086956521739131,0.39572192513368987,0.7587566539527137
Random Forest,0.06086956521739131,0.3983957219251337,0.7585763073296172
Random Forest,0.06183574879227053,0.40106951871657753,0.758325416672709
Random Forest,0.06376811594202898,0.40106951871657753,0.7579397036225843
Random Forest,0.06376811594202898,0.4037433155080214,0.7578442580608905
Random Forest,0.0647342995169082,0.4037433155080214,0.7578208590572353
Random Forest,0.0647342995169082,0.40641711229946526,0.7575695715602602
Random Forest,0.06666666666666667,0.40641711229946526,0.7563292169256212
Random Forest,0.06666666666666667,0.4090909090909091,0.7560945659456667
Random Forest,0.06763285024154589,0.4090909090909091,0.7559876928697031
Random Forest,0.06763285024154589,0.42513368983957217,0.7523038814823761
Random Forest,0.06859903381642513,0.42513368983957217,0.7512978838187303
Random Forest,0.06859903381642513,0.43315508021390375,0.7504504888323341
Random Forest,0.07053140096618357,0.43315508021390375,0.748031414172355
Random Forest,0.07053140096618357,0.4358288770053476,0.7479150033848305
Random Forest,0.07246376811594203,0.4358288770053476,0.7459594688675637
Random Forest,0.07246376811594203,0.44385026737967914,0.7454194621124157
Random Forest,0.07439613526570048,0.44385026737967914,0.7432810871707216
Random Forest,0.07439613526570048,0.44919786096256686,0.7419005175138477
Random Forest,0.07536231884057971,0.44919786096256686,0.7394047923746863
Random Forest,0.07536231884057971,0.45454545454545453,0.738800683246298
Random Forest,0.07632850241545894,0.45454545454545453,0.7370727168287549
Random Forest,0.07632850241545894,0.4572192513368984,0.7369684271608602
Random Forest,0.07729468599033816,0.4572192513368984,0.7369666444600789
Random Forest,0.07729468599033816,0.4625668449197861,0.7346703405683028
Random Forest,0.08019323671497584,0.4625668449197861,0.7321829232868706
Random Forest,0.08019323671497584,0.4732620320855615,0.7277574348541616
Random Forest,0.08309178743961353,0.4732620320855615,0.727135154324181
Random Forest,0.08309178743961353,0.48663101604278075,0.7257250803117563
Random Forest,0.08405797101449275,0.48663101604278075,0.7256869825654444
Random Forest,0.08405797101449275,0.4919786096256685,0.7245149189404717
Random Forest,0.08502415458937199,0.4919786096256685,0.7234111045225363
Random Forest,0.08502415458937199,0.49732620320855614,0.7208979486288405
Random Forest,0.08599033816425121,0.49732620320855614,0.7206468407550889
Random Forest,0.08599033816425121,0.5026737967914439,0.7187474492636704
Random Forest,0.08695652173913043,0.5026737967914439,0.7182474064539516
Random Forest,0.08695652173913043,0.5080213903743316,0.716107055078438
Random Forest,0.08888888888888889,0.5080213903743316,0.7148661198769202
Random Forest,0.08888888888888889,0.5213903743315508,0.712580473825127
Random Forest,0.09082125603864734,0.5213903743315508,0.711298755963541
Random Forest,0.09082125603864734,0.5320855614973262,0.7086225636406712
Random Forest,0.0927536231884058,0.5320855614973262,0.7070757864015161
Random Forest,0.0927536231884058,0.5427807486631016,0.7027841719815487
Random Forest,0.09565217391304348,0.5427807486631016,0.7013965673862923
Random Forest,0.09565217391304348,0.5454545454545454,0.7008710393807472
Random Forest,0.09758454106280193,0.5454545454545454,0.6999148460510279
Random Forest,0.09758454106280193,0.5481283422459893,0.6973220042279239
Random Forest,0.09951690821256039,0.5481283422459893,0.6958538751839274
Random Forest,0.09951690821256039,0.5508021390374331,0.6952699008295111
Random Forest,0.10144927536231885,0.5508021390374331,0.6949097225771425
Random Forest,0.10144927536231885,0.5561497326203209,0.694307291002894
Random Forest,0.10338164251207729,0.5561497326203209,0.6936552202704903
Random Forest,0.10338164251207729,0.5588235294117647,0.6934726346023068
Random Forest,0.10434782608695652,0.5588235294117647,0.6918604572415562
Random Forest,0.10434782608695652,0.5641711229946524,0.6908050811606095
Random Forest,0.10531400966183575,0.5641711229946524,0.6902504496948361
Random Forest,0.10531400966183575,0.5668449197860963,0.6901579370318988
Random Forest,0.10917874396135266,0.5668449197860963,0.6878694245246347
Random Forest,0.10917874396135266,0.56951871657754,0.6862967708459968
Random Forest,0.11400966183574879,0.56951871657754,0.6817499179566687
Random Forest,0.11400966183574879,0.5748663101604278,0.6807900825602812
Random Forest,0.12077294685990338,0.5748663101604278,0.6765688191798329
Random Forest,0.12077294685990338,0.5775401069518716,0.676321656847596
Random Forest,0.12173913043478261,0.5775401069518716,0.6762761142122976
Random Forest,0.12173913043478261,0.5828877005347594,0.6751487562446614
Random Forest,0.12270531400966184,0.5828877005347594,0.6745548814802408
Random Forest,0.12270531400966184,0.5855614973262032,0.6722001056294434
Random Forest,0.12560386473429952,0.5855614973262032,0.6692982883858217
Random Forest,0.12560386473429952,0.5882352941176471,0.6691010179567352
Random Forest,0.13043478260869565,0.5882352941176471,0.6661934442437382
Random Forest,0.13043478260869565,0.5935828877005348,0.6661492947470803
Random Forest,0.13333333333333333,0.5935828877005348,0.6645356446979394
Random Forest,0.13333333333333333,0.5962566844919787,0.6609169686532141
Random Forest,0.13526570048309178,0.5962566844919787,0.6577920403894789
Random Forest,0.13526570048309178,0.5989304812834224,0.6569893233563298
Random Forest,0.13623188405797101,0.5989304812834224,0.6569454436334408
Random Forest,0.13623188405797101,0.6042780748663101,0.6554089569276695
Random Forest,0.13719806763285025,0.6042780748663101,0.6546080338920989
Random Forest,0.13719806763285025,0.6096256684491979,0.6540670851867574
Random Forest,0.13816425120772946,0.6096256684491979,0.6522116146661134
Random Forest,0.13816425120772946,0.6122994652406417,0.6513098598243559
Random Forest,0.14106280193236714,0.6122994652406417,0.648961329895695
Random Forest,0.14106280193236714,0.6149732620320856,0.6487740699863528
Random Forest,0.14396135265700483,0.6149732620320856,0.645459317294927
Random Forest,0.14396135265700483,0.6203208556149733,0.6442764083777679
Random Forest,0.1497584541062802,0.6203208556149733,0.6396782835600305
Random Forest,0.1497584541062802,0.6229946524064172,0.6387235914339964
Random Forest,0.1565217391304348,0.6229946524064172,0.6350496730793782
Random Forest,0.1565217391304348,0.6283422459893048,0.6346171092607945
Random Forest,0.15942028985507245,0.6283422459893048,0.6323493648983027
Random Forest,0.15942028985507245,0.6310160427807486,0.631400694873712
Random Forest,0.1671497584541063,0.6310160427807486,0.6247809646285604
Random Forest,0.1671497584541063,0.6363636363636364,0.6246810432502153
Random Forest,0.1681159420289855,0.6363636363636364,0.6240851340881854
Random Forest,0.1681159420289855,0.6390374331550802,0.6237107173479804
Random Forest,0.16908212560386474,0.6390374331550802,0.6227425098683054
Random Forest,0.16908212560386474,0.6417112299465241,0.622301885686815
Random Forest,0.17004830917874397,0.6417112299465241,0.6211433877687068
Random Forest,0.17004830917874397,0.6470588235294118,0.6199722584278643
Random Forest,0.17101449275362318,0.6470588235294118,0.619819052065308
Random Forest,0.17101449275362318,0.6497326203208557,0.619499239337009
Random Forest,0.17294685990338166,0.6497326203208557,0.6191495545695008
Random Forest,0.17294685990338166,0.6524064171122995,0.6187744211159594
Random Forest,0.1748792270531401,0.6524064171122995,0.6162618244864017
Random Forest,0.1748792270531401,0.6577540106951871,0.6156932312944161
Random Forest,0.1758454106280193,0.6577540106951871,0.6141147865617129
Random Forest,0.1758454106280193,0.660427807486631,0.6138312240493838
Random Forest,0.17681159420289855,0.660427807486631,0.6132496629809001
Random Forest,0.17681159420289855,0.6631016042780749,0.6119400966101636
Random Forest,0.17777777777777778,0.6631016042780749,0.6117552716378863
Random Forest,0.17777777777777778,0.6657754010695187,0.6112180812109858
Random Forest,0.178743961352657,0.6657754010695187,0.6111489066402885
Random Forest,0.178743961352657,0.6737967914438503,0.6107092285086553
Random Forest,0.1826086956521739,0.6737967914438503,0.6049820153173114
Random Forest,0.1826086956521739,0.6844919786096256,0.5984082094707627
Random Forest,0.1855072463768116,0.6844919786096256,0.5970137578215053
Random Forest,0.1855072463768116,0.6925133689839572,0.5932163622256879
Random Forest,0.18840579710144928,0.6925133689839572,0.59080880612703
Random Forest,0.18840579710144928,0.6951871657754011,0.5905421926602963
Random Forest,0.19033816425120773,0.6951871657754011,0.5880451031403008
Random Forest,0.19033816425120773,0.7005347593582888,0.585713158207852
Random Forest,0.19227053140096617,0.7005347593582888,0.5832715742975368
Random Forest,0.19227053140096617,0.7032085561497327,0.5817395660016157
Random Forest,0.1932367149758454,0.7032085561497327,0.5806294443318978
Random Forest,0.1932367149758454,0.7112299465240641,0.5796471674204442
Random Forest,0.1961352657004831,0.7112299465240641,0.5760513332080325
Random Forest,0.1961352657004831,0.713903743315508,0.5748849769867093
Random Forest,0.19806763285024154,0.713903743315508,0.5723606946136638
Random Forest,0.19806763285024154,0.7165775401069518,0.5717376793585862
Random Forest,0.20193236714975846,0.7165775401069518,0.5700664996469348
Random Forest,0.20193236714975846,0.7192513368983957,0.5692335603465931
Random Forest,0.20483091787439614,0.7192513368983957,0.5676506260129137
Random Forest,0.20483091787439614,0.7219251336898396,0.5642061633350459
Random Forest,0.20772946859903382,0.7219251336898396,0.5629019445877713
Random Forest,0.20772946859903382,0.7272727272727273,0.5605238521766852
Random Forest,0.2135265700483092,0.7272727272727273,0.5579751230235446
Random Forest,0.2135265700483092,0.7299465240641712,0.5574758151417734
Random Forest,0.2144927536231884,0.732620320855615,0.5573822600482182
Random Forest,0.2144927536231884,0.7352941176470589,0.5564303065626415
Random Forest,0.21932367149758455,0.7352941176470589,0.5542777072357381
Random Forest,0.21932367149758455,0.7379679144385026,0.5542669659584796
Random Forest,0.221256038647343,0.7379679144385026,0.5540954285939685
Random Forest,0.221256038647343,0.7406417112299465,0.5537063666527153
Random Forest,0.2222222222222222,0.7406417112299465,0.5531515918554706
Random Forest,0.2222222222222222,0.7459893048128342,0.5525946477503291
Random Forest,0.22318840579710145,0.7459893048128342,0.5519806981481756
Random Forest,0.22318840579710145,0.7486631016042781,0.5506301841934165
Random Forest,0.23864734299516907,0.7486631016042781,0.5346356100929344
Random Forest,0.23864734299516907,0.7513368983957219,0.5320966674700728
Random Forest,0.24057971014492754,0.7513368983957219,0.5297016890412392
Random Forest,0.24057971014492754,0.7566844919786097,0.5286947256307846
Random Forest,0.24154589371980675,0.7566844919786097,0.5286940368360109
Random Forest,0.24154589371980675,0.7647058823529411,0.5283892248768775
Random Forest,0.242512077294686,0.7647058823529411,0.5279780618397814
Random Forest,0.242512077294686,0.767379679144385,0.5277189892483853
Random Forest,0.24347826086956523,0.767379679144385,0.5272634692178816
Random Forest,0.24347826086956523,0.7700534759358288,0.5272251135785624
Random Forest,0.24541062801932367,0.7700534759358288,0.5270546573992085
Random Forest,0.24541062801932367,0.7727272727272727,0.5260870137344474
Random Forest,0.24734299516908212,0.7727272727272727,0.524834611831362
Random Forest,0.24734299516908212,0.7780748663101604,0.5234351039433649
Random Forest,0.25024154589371983,0.7780748663101604,0.5204547028171234
Random Forest,0.25024154589371983,0.7807486631016043,0.5198150223374814
Random Forest,0.2560386473429952,0.7807486631016043,0.5155846603106528
Random Forest,0.2560386473429952,0.7834224598930482,0.5147068312358313
Random Forest,0.2570048309178744,0.7834224598930482,0.5137486997615158
Random Forest,0.2570048309178744,0.786096256684492,0.5123294915144768
Random Forest,0.2618357487922705,0.786096256684492,0.5098434127863183
Random Forest,0.2618357487922705,0.7887700534759359,0.5095405461281433
Random Forest,0.26280193236714977,0.7887700534759359,0.5081900968650519
Random Forest,0.26280193236714977,0.7941176470588235,0.5057902865499356
Random Forest,0.26666666666666666,0.7941176470588235,0.4985791237296661
Random Forest,0.26666666666666666,0.7967914438502673,0.4977859965992733
Random Forest,0.27053140096618356,0.7967914438502673,0.49295652449585836
Random Forest,0.27053140096618356,0.8021390374331551,0.4904678670733738
Random Forest,0.27342995169082124,0.8021390374331551,0.4882388434402578
Random Forest,0.27342995169082124,0.8048128342245989,0.4878277545600041
Random Forest,0.28019323671497587,0.8048128342245989,0.4767697283842511
Random Forest,0.28019323671497587,0.8101604278074866,0.47526827391989523
Random Forest,0.28405797101449276,0.8101604278074866,0.46892051386077704
Random Forest,0.28405797101449276,0.8128342245989305,0.4683194627640187
Random Forest,0.28502415458937197,0.8128342245989305,0.46723048375892545
Random Forest,0.28502415458937197,0.8155080213903744,0.46656514188110076
Random Forest,0.28695652173913044,0.8155080213903744,0.46574029385118887
Random Forest,0.28695652173913044,0.8181818181818182,0.4648475483431228
Random Forest,0.28888888888888886,0.8181818181818182,0.46284550857623485
Random Forest,0.28888888888888886,0.820855614973262,0.4625457537148705
Random Forest,0.3004830917874396,0.820855614973262,0.4579638731219699
Random Forest,0.3004830917874396,0.8235294117647058,0.457445159504723
Random Forest,0.30144927536231886,0.8235294117647058,0.4565477884663081
Random Forest,0.30144927536231886,0.8262032085561497,0.45640403590438905
Random Forest,0.30434782608695654,0.8262032085561497,0.45455503404704756
Random Forest,0.30434782608695654,0.8315508021390374,0.4528912331555252
Random Forest,0.30531400966183575,0.8315508021390374,0.45126578867673894
Random Forest,0.30531400966183575,0.8342245989304813,0.4492080406455038
Random Forest,0.3072463768115942,0.8342245989304813,0.4471206754246148
Random Forest,0.3072463768115942,0.8368983957219251,0.44513346463716524
Random Forest,0.3140096618357488,0.8368983957219251,0.44144739010475337
Random Forest,0.3140096618357488,0.839572192513369,0.4401993288202264
Random Forest,0.3169082125603865,0.839572192513369,0.4385514016548987
Random Forest,0.3169082125603865,0.8422459893048129,0.43674354001192967
Random Forest,0.31980676328502416,0.8422459893048129,0.435335113558172
Random Forest,0.31980676328502416,0.8475935828877005,0.4333609548806878
Random Forest,0.3352657004830918,0.8475935828877005,0.4195101334228801
Random Forest,0.3352657004830918,0.8502673796791443,0.41946807227914273
Random Forest,0.34492753623188405,0.8502673796791443,0.41259714747039294
Random Forest,0.34492753623188405,0.8529411764705882,0.41008475456617877
Random Forest,0.3458937198067633,0.8529411764705882,0.40983325898446743
Random Forest,0.3458937198067633,0.8556149732620321,0.40897332018007626
Random Forest,0.34782608695652173,0.8556149732620321,0.40831994425578716
Random Forest,0.34782608695652173,0.8582887700534759,0.4079506948889138
Random Forest,0.36135265700483093,0.8582887700534759,0.3938714866687963
Random Forest,0.36135265700483093,0.8609625668449198,0.3934306242387781
Random Forest,0.3719806763285024,0.8609625668449198,0.3820137402366457
Random Forest,0.3719806763285024,0.8636363636363636,0.3815734889143527
Random Forest,0.3748792270531401,0.8636363636363636,0.3789971658378289
Random Forest,0.3748792270531401,0.8663101604278075,0.3780345160943327
Random Forest,0.37971014492753624,0.8663101604278075,0.37433092219062214
Random Forest,0.37971014492753624,0.8689839572192514,0.3739542934188788
Random Forest,0.38357487922705313,0.8689839572192514,0.3712543222947498
Random Forest,0.38357487922705313,0.8716577540106952,0.3709446662854952
Random Forest,0.3903381642512077,0.8716577540106952,0.3640438837638677
Random Forest,0.3903381642512077,0.8743315508021391,0.36348268493645264
Random Forest,0.40096618357487923,0.8743315508021391,0.34788053379323963
Random Forest,0.40096618357487923,0.8770053475935828,0.34636906344744994
Random Forest,0.4048309178743961,0.8770053475935828,0.3436533084835156
Random Forest,0.4048309178743961,0.8796791443850267,0.34349991191753765
Random Forest,0.4115942028985507,0.8796791443850267,0.33874156606224354
Random Forest,0.4115942028985507,0.8850267379679144,0.33590655121178076
Random Forest,0.41545893719806765,0.8850267379679144,0.3329369623115742
Random Forest,0.41545893719806765,0.8877005347593583,0.332933538285193
Random Forest,0.42318840579710143,0.8877005347593583,0.3270333804237957
Random Forest,0.42318840579710143,0.8903743315508021,0.32685108424108017
Random Forest,0.42995169082125606,0.8903743315508021,0.32358690510629573
Random Forest,0.42995169082125606,0.893048128342246,0.3231740857693032
Random Forest,0.43478260869565216,0.893048128342246,0.32162985272865924
Random Forest,0.43478260869565216,0.8957219251336899,0.3213036605324396
Random Forest,0.4386473429951691,0.8957219251336899,0.319389203126657
Random Forest,0.4386473429951691,0.9010695187165776,0.3186920440689142
Random Forest,0.4405797101449275,0.9010695187165776,0.31603086713151357
Random Forest,0.4405797101449275,0.9037433155080213,0.3143158092730603
Random Forest,0.4444444444444444,0.9037433155080213,0.31098760642247525
Random Forest,0.4444444444444444,0.9064171122994652,0.31052267081008283
Random Forest,0.4463768115942029,0.9064171122994652,0.3091136644501042
Random Forest,0.4463768115942029,0.9090909090909091,0.30755329508279033
Random Forest,0.4473429951690821,0.9090909090909091,0.30741835543156354
Random Forest,0.4473429951690821,0.9117647058823529,0.3069061158318523
Random Forest,0.4618357487922705,0.9117647058823529,0.29699919313491013
Random Forest,0.4618357487922705,0.9171122994652406,0.29584555665438084
Random Forest,0.46570048309178746,0.9171122994652406,0.29417240771000075
Random Forest,0.46570048309178746,0.9197860962566845,0.2931447166696544
Random Forest,0.4676328502415459,0.9197860962566845,0.2925618485473922
Random Forest,0.4676328502415459,0.9224598930481284,0.29247325255071777
Random Forest,0.4714975845410628,0.9224598930481284,0.291007951842089
Random Forest,0.4714975845410628,0.9251336898395722,0.29081588255470314
Random Forest,0.47342995169082125,0.9251336898395722,0.2906745411945637
Random Forest,0.47342995169082125,0.9278074866310161,0.28963340013939776
Random Forest,0.4801932367149758,0.9278074866310161,0.2865668016982403
Random Forest,0.4801932367149758,0.93048128342246,0.28644064488980364
Random Forest,0.4966183574879227,0.93048128342246,0.2756740429467898
Random Forest,0.4966183574879227,0.9331550802139037,0.27494071587183505
Random Forest,0.4975845410628019,0.9331550802139037,0.2748103555430831
Random Forest,0.4975845410628019,0.9358288770053476,0.27366008346935083
Random Forest,0.5014492753623189,0.9358288770053476,0.2716365621970478
Random Forest,0.5014492753623189,0.9385026737967914,0.27017636059236083
Random Forest,0.5033816425120773,0.9385026737967914,0.26908473510023323
Random Forest,0.5033816425120773,0.9411764705882353,0.2690378930319375
Random Forest,0.5043478260869565,0.9411764705882353,0.26721704028416904
Random Forest,0.5043478260869565,0.9438502673796791,0.26683902568228685
Random Forest,0.5169082125603864,0.9438502673796791,0.25814115317667863
Random Forest,0.5169082125603864,0.946524064171123,0.25789578893768556
Random Forest,0.5178743961352656,0.946524064171123,0.2569851544891396
Random Forest,0.5178743961352656,0.9491978609625669,0.2560502408963664
Random Forest,0.5198067632850242,0.9491978609625669,0.2528473540608105
Random Forest,0.5198067632850242,0.9518716577540107,0.25230078407049633
Random Forest,0.523671497584541,0.9518716577540107,0.2486262209833552
Random Forest,0.523671497584541,0.9545454545454546,0.2476952711355381
Random Forest,0.5256038647342995,0.9545454545454546,0.2469795983576172
Random Forest,0.5256038647342995,0.9572192513368984,0.24656621250807886
Random Forest,0.5342995169082125,0.9572192513368984,0.2421203830346135
Random Forest,0.5342995169082125,0.9598930481283422,0.24184098181008754
Random Forest,0.5739130434782609,0.9598930481283422,0.21549950726645908
Random Forest,0.5739130434782609,0.9652406417112299,0.21419725192086994
Random Forest,0.5797101449275363,0.9652406417112299,0.21101983470032734
Random Forest,0.5797101449275363,0.9679144385026738,0.21069466140285206
Random Forest,0.5951690821256038,0.9679144385026738,0.1988879193687688
Random Forest,0.5951690821256038,0.9705882352941176,0.19641755322045895
Random Forest,0.6260869565217392,0.9705882352941176,0.1772887224392646
Random Forest,0.6260869565217392,0.9732620320855615,0.17668508420914739
Random Forest,0.6483091787439613,0.9732620320855615,0.163306350282187
Random Forest,0.6483091787439613,0.9759358288770054,0.16286388398822646
Random Forest,0.6570048309178744,0.9759358288770054,0.15775888811462166
Random Forest,0.6570048309178744,0.9786096256684492,0.15706229872216473
Random Forest,0.6840579710144927,0.9786096256684492,0.142943203227734
Random Forest,0.6840579710144927,0.9812834224598931,0.14187912085974966
Random Forest,0.6898550724637681,0.9812834224598931,0.1363139312314552
Random Forest,0.6898550724637681,0.983957219251337,0.1354579586512243
Random Forest,0.6995169082125604,0.983957219251337,0.1283202201954275
Random Forest,0.6995169082125604,0.9866310160427807,0.12684517761878464
Random Forest,0.7014492753623188,0.9866310160427807,0.12489219632154326
Random Forest,0.7014492753623188,0.9893048128342246,0.1227382080978678
Random Forest,0.7516908212560387,0.9893048128342246,0.0962695675698675
Random Forest,0.7516908212560387,0.9919786096256684,0.09615081233950805
Random Forest,0.8231884057971014,0.9919786096256684,0.06885863960741967
Random Forest,0.8231884057971014,0.9946524064171123,0.06878226325934396
Random Forest,0.855072463768116,0.9946524064171123,0.05797191982677756
Random Forest,0.855072463768116,0.9973262032085561,0.05720443025011953
Random Forest,0.8888888888888888,0.9973262032085561,0.048295270803180364
Random Forest,0.8888888888888888,1.0,0.04829291864278757
Random Forest,0.9594202898550724,1.0,0.03035905874474156
Random Forest,0.961352657004831,1.0,0.03034887761362003
Random Forest,1.0,1.0,0.012455396161774775
