Threshold,Accuracy,BalancedAccuracy,Precision,Recall,F1,F2
0.2,0.5514731984380546,0.6825552033394717,0.3679631525076766,0.9618729096989966,0.5322968721080881,0.7271440129449838
0.21000000000000002,0.563187788427405,0.6886053293534622,0.3736924686192469,0.9558528428093646,0.5373190449332581,0.7287841697266422
0.22000000000000003,0.5724174653887114,0.6936051637050618,0.3784574468085106,0.9518394648829431,0.5415794481446242,0.7304928131416838
0.23000000000000004,0.5823571175008875,0.6997291446643843,0.3839913466738778,0.9498327759197325,0.5468900442903909,0.7336226493077082
0.24000000000000005,0.5915867944621939,0.7060108552224901,0.38946791003839826,0.9498327759197325,0.5524217078389418,0.7375857053812591
0.25000000000000006,0.6025914093006745,0.7124323568696815,0.39591494124230553,0.9464882943143813,0.5582955217991714,0.7405275277370735
0.26000000000000006,0.6111111111111112,0.7165216906479761,0.4008547008547009,0.9411371237458194,0.5622377622377622,0.7413066385669126
0.2700000000000001,0.6226482073127441,0.7230919526391022,0.4080978735799592,0.937123745819398,0.5685876623376623,0.7441835759056624
0.2800000000000001,0.6308129215477458,0.7269396821651619,0.4132304954019579,0.9317725752508361,0.572544184134813,0.7448401240509036
0.2900000000000001,0.6398651047213347,0.7320323604250618,0.41933534743202416,0.928428093645485,0.5777315296566077,0.7470398277717977
0.3000000000000001,0.6480298189563365,0.7367346740887923,0.4250614250614251,0.925752508361204,0.5826141864870553,0.7492420961455175
0.3100000000000001,0.6560170394036209,0.7417434776952408,0.43093233551605864,0.9244147157190635,0.5878349638451723,0.7521497768586045
0.3200000000000001,0.662229321973731,0.7438350917651736,0.4352791878172589,0.9177257525083612,0.5904884871960404,0.7512045554095489
0.3300000000000001,0.6686190983315584,0.7462611539956414,0.43996126533247254,0.9117056856187291,0.5935118658828652,0.7507160167437762
0.34000000000000014,0.6755413560525382,0.7490496226044616,0.44524827359421243,0.905685618729097,0.5970017636684304,0.750471122935373
0.35000000000000014,0.6833510827121051,0.7530830399471218,0.45159128978224455,0.9016722408026756,0.6017857142857143,0.7518126045733408
0.36000000000000015,0.6879659211927582,0.75387378884758,0.45522642151855636,0.894314381270903,0.6033393501805054,0.749691600314007
0.37000000000000016,0.6932907348242812,0.7549341002180903,0.4595907041276448,0.8862876254180602,0.6052992233896757,0.7474895633532664
0.38000000000000017,0.697373091941782,0.7553624427401961,0.4630021141649049,0.8789297658862876,0.6065081929379184,0.7450669085960535
0.3900000000000002,0.7026979055733049,0.7570636922139595,0.46774193548387094,0.8729096989966555,0.6091015169194866,0.7440136830102623
0.4000000000000002,0.710152644657437,0.7602145672011319,0.4747252747252747,0.8668896321070234,0.613491124260355,0.7439724454649828
0.4100000000000002,0.7158324458643948,0.76215742092713,0.48022388059701493,0.8608695652173913,0.6165269461077845,0.7430715935334873
0.4200000000000002,0.7192048278310259,0.7625298470136017,0.48354143019296253,0.8548494983277592,0.6176897051715805,0.7410414009045576
0.4300000000000002,0.7229321973730919,0.7618620011458022,0.48726851851851855,0.8448160535117056,0.6180572547100562,0.7367008866075595
0.4400000000000002,0.7287894923677671,0.7641393030323353,0.4935116004718836,0.8394648829431438,0.6215948489351164,0.7362431068872463
0.45000000000000023,0.7357117500887469,0.7669277716411556,0.501206757843926,0.8334448160535117,0.6259733735242401,0.7358847153319159
0.46000000000000024,0.7405040823571175,0.7680529687021489,0.5067650676506765,0.8267558528428094,0.6283680732079309,0.7340539256443758
0.47000000000000025,0.7433439829605963,0.7654992359972559,0.5102897942041159,0.8127090301003345,0.6269349845201239,0.7265877287405813
0.48000000000000026,0.7486687965921193,0.7665595473677661,0.5169746454662656,0.8046822742474916,0.6295133437990581,0.7240881184543156
0.49000000000000027,0.7516861909833156,0.7660494310987499,0.520997375328084,0.7966555183946489,0.6299920655911134,0.720421001693685
0.5000000000000002,0.7566560170394037,0.7664408461481899,0.5278026905829596,0.7872909698996655,0.6319463087248323,0.7168087697929354
0.5100000000000002,0.7630457933972311,0.7690805544130754,0.5367309458218549,0.7819397993311037,0.6365368908249387,0.7164746261338564
0.5200000000000002,0.7671281505147319,0.7677997286598398,0.543221539914974,0.7692307692307693,0.636766334440753,0.7101395578609362
0.5300000000000002,0.7703230386936457,0.7663421843448526,0.5486682808716707,0.7578595317725753,0.6365168539325843,0.704164077066501
0.5400000000000003,0.77209797657082,0.762422700780002,0.5525660189337319,0.7418060200668897,0.6333523700742433,0.6942531613872542
0.5500000000000003,0.7754703585374512,0.7617268966943851,0.5586734693877551,0.7324414715719063,0.6338639652677279,0.6895465994962217
0.5600000000000003,0.7802626908058218,0.7617838635832901,0.5675249605885444,0.7224080267558528,0.6356680400235433,0.6850183940124318
0.5700000000000003,0.7831025914093007,0.7592301308783971,0.5739837398373984,0.7083612040133779,0.6341317365269461,0.6766773162939297
0.5800000000000003,0.7850550230741924,0.7554314494396639,0.5795072788353863,0.6923076923076923,0.630905211825663,0.6663662116919907
0.5900000000000003,0.7875399361022364,0.753490696620207,0.5857307249712314,0.6809364548494983,0.6297556449118465,0.6594972790878466
0.6000000000000003,0.7905573304934327,0.7510577660414315,0.5938058368076236,0.6668896321070235,0.62822936357908,0.6508682595639117
0.6100000000000003,0.7917997870074548,0.7484850443735702,0.598170731707317,0.6561872909698997,0.6258373205741626,0.6437007874015748
0.6200000000000003,0.7948171813986511,0.7471203439668832,0.606536769327467,0.6454849498327759,0.6254050550874919,0.6373002245410118
0.6300000000000003,0.7969471068512602,0.7436561106886852,0.6144814090019569,0.6301003344481605,0.6221928665785997,0.6269133501929988
0.6400000000000003,0.7992545260915868,0.7398853874677693,0.6238095238095238,0.6133779264214047,0.6185497470489039,0.6154362416107383
0.6500000000000004,0.8001419950301739,0.7368574155132555,0.6289308176100629,0.6020066889632107,0.6151742993848257,0.607205505329915
0.6600000000000004,0.8028044018459354,0.7348238187854983,0.6391304347826087,0.5899665551839465,0.6135652173913043,0.5991847826086957
0.6700000000000004,0.8035143769968051,0.7297522303951078,0.6465256797583081,0.5725752508361204,0.6073075558708761,0.5859802847754655
0.6800000000000004,0.8028044018459354,0.723714224995778,0.6504702194357367,0.5551839464882943,0.5990617105738001,0.5719404630650496
0.6900000000000004,0.8031593894213702,0.7198965545940765,0.6561488673139159,0.5424749163879599,0.5939216404247528,0.5619456762749445
0.7000000000000004,0.802626908058218,0.7144066433896996,0.6607892527287993,0.5264214046822743,0.5860014892032762,0.5487379723887882
0.7100000000000004,0.8015619453319134,0.7070588035660464,0.6660792951541851,0.505685618729097,0.5749049429657794,0.5312719606465214
0.7200000000000004,0.8022719204827831,0.7011326310379852,0.6778711484593838,0.48561872909698994,0.5658612626656274,0.514820592823713
0.7300000000000004,0.8008519701810437,0.6924749567900088,0.6852035749751738,0.46153846153846156,0.5515587529976019,0.49377415199656505
0.7400000000000004,0.7994320198793042,0.6855264508173738,0.6903023983315955,0.442809364548495,0.5395273023634882,0.47701397895950426
0.7500000000000004,0.7964146254881079,0.6755679113999229,0.6929046563192904,0.4180602006688963,0.5214851898206091,0.45408311537343793
0.7600000000000005,0.7953496627618033,0.666724549335346,0.7055288461538461,0.39264214046822743,0.5045122475290073,0.430857310628303
0.7700000000000005,0.7941072062477813,0.6590422613511576,0.7161290322580646,0.3712374581939799,0.4889867841409692,0.41080680977054035
0.7800000000000005,0.7909123180688676,0.64981750394526,0.7180192572214581,0.3491638795986622,0.46984698469846986,0.38914566870433875
0.7900000000000005,0.7868299609513667,0.6380659215990161,0.7207207207207207,0.3210702341137124,0.44423877834335956,0.36111947035811015
0.8000000000000005,0.7859424920127795,0.6316934680391512,0.7341977309562399,0.30301003344481603,0.4289772727272727,0.34333788085493405
0.8100000000000005,0.7829250976215832,0.6206666984496118,0.7472727272727273,0.2749163879598662,0.4019559902200489,0.31470137825421135
