customerID,Segment,RetentionPriority,RiskBand,ChurnRiskProbability,tenure,Contract,InternetService,PaymentMethod,MonthlyCharges,TotalCharges,AutomaticPayment,Churn,RecommendedAction
9497-QCMMS,High-Risk Short-Tenure Customers,Critical,High Risk,0.9328398745436076,1,Month-to-month,Fiber optic,Electronic check,93.55,93.55,0,Yes,Immediate retention outreach; investigate service issues; offer contract incentive and support package.
9300-AGZNL,High-Risk Short-Tenure Customers,Critical,High Risk,0.9325419939702717,1,Month-to-month,Fiber optic,Electronic check,94.0,94.0,0,Yes,Immediate retention outreach; investigate service issues; offer contract incentive and support package.
4910-GMJOT,High-Risk Short-Tenure Customers,Critical,High Risk,0.9308806935911843,1,Month-to-month,Fiber optic,Electronic check,94.6,94.6,0,Yes,Immediate retention outreach; investigate service issues; offer contract incentive and support package.
8149-RSOUN,High-Risk Short-Tenure Customers,Critical,High Risk,0.9262771527758558,1,Month-to-month,Fiber optic,Electronic check,93.85,93.85,0,Yes,Immediate retention outreach; investigate service issues; offer contract incentive and support package.
0295-PPHDO,High-Risk Short-Tenure Customers,Critical,High Risk,0.9259836563438222,1,Month-to-month,Fiber optic,Electronic check,95.45,95.45,0,Yes,Immediate retention outreach; investigate service issues; offer contract incentive and support package.
1069-XAIEM,High-Risk Short-Tenure Customers,Critical,High Risk,0.9242106241197899,1,Month-to-month,Fiber optic,Electronic check,85.05,85.05,0,Yes,Immediate retention outreach; investigate service issues; offer contract incentive and support package.
7274-RTAPZ,High-Risk Short-Tenure Customers,Critical,High Risk,0.9231177299264542,1,Month-to-month,Fiber optic,Electronic check,90.55,90.55,0,Yes,Immediate retention outreach; investigate service issues; offer contract incentive and support package.
7577-SWIFR,High-Risk Short-Tenure Customers,Critical,High Risk,0.9230497781432837,1,Month-to-month,Fiber optic,Electronic check,89.25,89.25,0,No,Immediate retention outreach; investigate service issues; offer contract incentive and support package.
7216-EWTRS,High-Risk Short-Tenure Customers,Critical,High Risk,0.9228885009474698,1,Month-to-month,Fiber optic,Electronic check,100.8,100.8,0,Yes,Immediate retention outreach; investigate service issues; offer contract incentive and support package.
3027-ZTDHO,High-Risk Short-Tenure Customers,Critical,High Risk,0.9227951492812929,1,Month-to-month,Fiber optic,Electronic check,89.9,89.9,0,Yes,Immediate retention outreach; investigate service issues; offer contract incentive and support package.
5192-EBGOV,High-Risk Short-Tenure Customers,Critical,High Risk,0.9222246547139614,1,Month-to-month,Fiber optic,Electronic check,85.7,85.7,0,Yes,Immediate retention outreach; investigate service issues; offer contract incentive and support package.
6567-HOOPW,High-Risk Short-Tenure Customers,Critical,High Risk,0.9209522694435697,1,Month-to-month,Fiber optic,Electronic check,79.2,79.2,0,Yes,Immediate retention outreach; investigate service issues; offer contract incentive and support package.
4912-PIGUY,High-Risk Short-Tenure Customers,Critical,High Risk,0.9204615791719081,1,Month-to-month,Fiber optic,Electronic check,84.6,84.6,0,No,Immediate retention outreach; investigate service issues; offer contract incentive and support package.
5419-JPRRN,High-Risk Short-Tenure Customers,Critical,High Risk,0.9203152598581447,1,Month-to-month,Fiber optic,Electronic check,101.45,101.45,0,Yes,Immediate retention outreach; investigate service issues; offer contract incentive and support package.
6894-LFHLY,High-Risk Short-Tenure Customers,Critical,High Risk,0.920174801948313,1,Month-to-month,Fiber optic,Electronic check,75.75,75.75,0,Yes,Immediate retention outreach; investigate service issues; offer contract incentive and support package.
3158-MOERK,High-Risk Short-Tenure Customers,Critical,High Risk,0.9201122723909861,2,Month-to-month,Fiber optic,Electronic check,96.0,174.8,0,Yes,Immediate retention outreach; investigate service issues; offer contract incentive and support package.
7439-DKZTW,High-Risk Short-Tenure Customers,Critical,High Risk,0.9200436045964714,1,Month-to-month,Fiber optic,Electronic check,80.55,80.55,0,No,Immediate retention outreach; investigate service issues; offer contract incentive and support package.
4988-IQIGL,High-Risk Short-Tenure Customers,Critical,High Risk,0.9184653197637463,1,Month-to-month,Fiber optic,Electronic check,75.35,75.35,0,Yes,Immediate retention outreach; investigate service issues; offer contract incentive and support package.
5240-IJOQT,High-Risk Short-Tenure Customers,Critical,High Risk,0.9176502213146089,1,Month-to-month,Fiber optic,Electronic check,74.7,74.7,0,Yes,Immediate retention outreach; investigate service issues; offer contract incentive and support package.
3551-HUAZH,High-Risk Short-Tenure Customers,Critical,High Risk,0.9174260497746479,1,Month-to-month,Fiber optic,Electronic check,74.4,74.4,0,Yes,Immediate retention outreach; investigate service issues; offer contract incentive and support package.
5494-HECPR,High-Risk Short-Tenure Customers,Critical,High Risk,0.9171258183549209,1,Month-to-month,Fiber optic,Electronic check,80.25,80.25,0,Yes,Immediate retention outreach; investigate service issues; offer contract incentive and support package.
0021-IKXGC,High-Risk Short-Tenure Customers,Critical,High Risk,0.9168194287769631,1,Month-to-month,Fiber optic,Electronic check,72.1,72.1,0,No,Immediate retention outreach; investigate service issues; offer contract incentive and support package.
6457-USBER,High-Risk Short-Tenure Customers,Critical,High Risk,0.9165347584611211,1,Month-to-month,Fiber optic,Electronic check,80.8,80.8,0,Yes,Immediate retention outreach; investigate service issues; offer contract incentive and support package.
3988-RQIXO,High-Risk Short-Tenure Customers,Critical,High Risk,0.916498915241008,1,Month-to-month,Fiber optic,Electronic check,91.3,91.3,0,Yes,Immediate retention outreach; investigate service issues; offer contract incentive and support package.
0495-RVCBF,High-Risk Short-Tenure Customers,Critical,High Risk,0.9164902102556708,1,Month-to-month,Fiber optic,Electronic check,79.7,79.7,0,Yes,Immediate retention outreach; investigate service issues; offer contract incentive and support package.
8816-VXNZD,High-Risk Short-Tenure Customers,Critical,High Risk,0.9161536411864364,1,Month-to-month,Fiber optic,Electronic check,75.1,75.1,0,Yes,Immediate retention outreach; investigate service issues; offer contract incentive and support package.
2514-GINMM,High-Risk Short-Tenure Customers,Critical,High Risk,0.9155865678231375,1,Month-to-month,Fiber optic,Electronic check,79.5,79.5,0,Yes,Immediate retention outreach; investigate service issues; offer contract incentive and support package.
1761-AEZZR,High-Risk Short-Tenure Customers,Critical,High Risk,0.9155865678231375,1,Month-to-month,Fiber optic,Electronic check,79.55,79.55,0,Yes,Immediate retention outreach; investigate service issues; offer contract incentive and support package.
5834-ASPWA,High-Risk Short-Tenure Customers,Critical,High Risk,0.914982984850671,1,Month-to-month,Fiber optic,Electronic check,75.45,75.45,0,Yes,Immediate retention outreach; investigate service issues; offer contract incentive and support package.
1452-VOQCH,High-Risk Short-Tenure Customers,Critical,High Risk,0.9142841383438247,1,Month-to-month,Fiber optic,Electronic check,75.1,75.1,0,No,Immediate retention outreach; investigate service issues; offer contract incentive and support package.
8058-INTPH,High-Risk Short-Tenure Customers,Critical,High Risk,0.9132714811314058,1,Month-to-month,Fiber optic,Electronic check,79.65,79.65,0,Yes,Immediate retention outreach; investigate service issues; offer contract incentive and support package.
2004-OCQXK,High-Risk Short-Tenure Customers,Critical,High Risk,0.9132585750971359,1,Month-to-month,Fiber optic,Electronic check,81.95,81.95,0,Yes,Immediate retention outreach; investigate service issues; offer contract incentive and support package.
5960-WPXQM,High-Risk Short-Tenure Customers,Critical,High Risk,0.912942824107569,1,Month-to-month,Fiber optic,Electronic check,79.05,79.05,0,Yes,Immediate retention outreach; investigate service issues; offer contract incentive and support package.
8740-CRYFY,High-Risk Short-Tenure Customers,Critical,High Risk,0.912942824107569,1,Month-to-month,Fiber optic,Electronic check,78.95,78.95,0,Yes,Immediate retention outreach; investigate service issues; offer contract incentive and support package.
9300-RENDD,High-Risk Short-Tenure Customers,Critical,High Risk,0.9127983600990075,1,Month-to-month,Fiber optic,Electronic check,79.95,79.95,0,Yes,Immediate retention outreach; investigate service issues; offer contract incentive and support package.
1415-YFWLT,High-Risk Short-Tenure Customers,Critical,High Risk,0.9126523476497906,1,Month-to-month,Fiber optic,Electronic check,89.3,89.3,0,Yes,Immediate retention outreach; investigate service issues; offer contract incentive and support package.
5178-LMXOP,High-Risk Short-Tenure Customers,Critical,High Risk,0.9124380619735996,1,Month-to-month,Fiber optic,Electronic check,95.1,95.1,0,Yes,Immediate retention outreach; investigate service issues; offer contract incentive and support package.
2868-MZAGQ,High-Risk Short-Tenure Customers,Critical,High Risk,0.9120227672456432,1,Month-to-month,Fiber optic,Electronic check,79.25,79.25,0,Yes,Immediate retention outreach; investigate service issues; offer contract incentive and support package.
4826-XTSOH,High-Risk Short-Tenure Customers,Critical,High Risk,0.9116807441938437,1,Month-to-month,Fiber optic,Electronic check,86.05,86.05,0,Yes,Immediate retention outreach; investigate service issues; offer contract incentive and support package.
1455-ESIQH,High-Risk Short-Tenure Customers,Critical,High Risk,0.9113569067487683,1,Month-to-month,Fiber optic,Electronic check,89.1,89.1,0,Yes,Immediate retention outreach; investigate service issues; offer contract incentive and support package.
4614-NUVZD,High-Risk Short-Tenure Customers,Critical,High Risk,0.9112953505866922,1,Month-to-month,Fiber optic,Electronic check,81.1,81.1,0,Yes,Immediate retention outreach; investigate service issues; offer contract incentive and support package.
3722-WPXTK,High-Risk Short-Tenure Customers,Critical,High Risk,0.9112240941083332,1,Month-to-month,Fiber optic,Electronic check,88.35,88.35,0,Yes,Immediate retention outreach; investigate service issues; offer contract incentive and support package.
2720-WGKHP,High-Risk Short-Tenure Customers,Critical,High Risk,0.9111152271898023,2,Month-to-month,Fiber optic,Electronic check,94.0,181.7,0,Yes,Immediate retention outreach; investigate service issues; offer contract incentive and support package.
9248-OJYKK,High-Risk Short-Tenure Customers,Critical,High Risk,0.9109920718919375,1,Month-to-month,Fiber optic,Electronic check,76.45,76.45,0,Yes,Immediate retention outreach; investigate service issues; offer contract incentive and support package.
3878-AVSOQ,High-Risk Short-Tenure Customers,Critical,High Risk,0.9105323408776902,1,Month-to-month,Fiber optic,Electronic check,71.25,71.25,0,No,Immediate retention outreach; investigate service issues; offer contract incentive and support package.
8580-AECUZ,High-Risk Short-Tenure Customers,Critical,High Risk,0.9104380136136556,1,Month-to-month,Fiber optic,Electronic check,79.1,79.1,0,Yes,Immediate retention outreach; investigate service issues; offer contract incentive and support package.
4424-TKOPW,High-Risk Short-Tenure Customers,Critical,High Risk,0.9101608518201416,2,Month-to-month,Fiber optic,Electronic check,93.85,196.75,0,Yes,Immediate retention outreach; investigate service issues; offer contract incentive and support package.
7024-OHCCK,High-Risk Short-Tenure Customers,Critical,High Risk,0.9100608983902426,2,Month-to-month,Fiber optic,Electronic check,93.85,170.85,0,Yes,Immediate retention outreach; investigate service issues; offer contract incentive and support package.
6521-YYTYI,High-Risk Short-Tenure Customers,Critical,High Risk,0.9097471756932055,1,Month-to-month,Fiber optic,Electronic check,93.3,93.3,0,Yes,Immediate retention outreach; investigate service issues; offer contract incentive and support package.
0970-ETWGE,High-Risk Short-Tenure Customers,Critical,High Risk,0.9097413278287757,1,Month-to-month,Fiber optic,Electronic check,89.55,89.55,0,Yes,Immediate retention outreach; investigate service issues; offer contract incentive and support package.
2034-GDRCN,High-Risk Short-Tenure Customers,Critical,High Risk,0.909244275620927,2,Month-to-month,Fiber optic,Electronic check,90.4,168.2,0,Yes,Immediate retention outreach; investigate service issues; offer contract incentive and support package.
9282-IZGQK,High-Risk Short-Tenure Customers,Critical,High Risk,0.908916564094379,1,Month-to-month,Fiber optic,Electronic check,85.0,85.0,0,Yes,Immediate retention outreach; investigate service issues; offer contract incentive and support package.
8051-HJRLT,High-Risk Short-Tenure Customers,Critical,High Risk,0.9086082858774677,1,Month-to-month,Fiber optic,Electronic check,70.55,70.55,0,Yes,Immediate retention outreach; investigate service issues; offer contract incentive and support package.
9787-XVQIU,High-Risk Short-Tenure Customers,Critical,High Risk,0.908192072008512,1,Month-to-month,Fiber optic,Electronic check,75.3,75.3,0,Yes,Immediate retention outreach; investigate service issues; offer contract incentive and support package.
5150-ITWWB,High-Risk Short-Tenure Customers,Critical,High Risk,0.9079432739964045,3,Month-to-month,Fiber optic,Electronic check,94.85,335.75,0,No,Immediate retention outreach; investigate service issues; offer contract incentive and support package.
7851-WZEKY,High-Risk Short-Tenure Customers,Critical,High Risk,0.9078170553005227,2,Month-to-month,Fiber optic,Electronic check,95.15,196.9,0,Yes,Immediate retention outreach; investigate service issues; offer contract incentive and support package.
8098-LLAZX,High-Risk Short-Tenure Customers,Critical,High Risk,0.9076576850286945,4,Month-to-month,Fiber optic,Electronic check,95.45,396.1,0,Yes,Immediate retention outreach; investigate service issues; offer contract incentive and support package.
8603-IJWDN,High-Risk Short-Tenure Customers,Critical,High Risk,0.9076405391965873,1,Month-to-month,Fiber optic,Electronic check,86.6,86.6,0,Yes,Immediate retention outreach; investigate service issues; offer contract incentive and support package.
2545-EBUPK,High-Risk Short-Tenure Customers,Critical,High Risk,0.9075692917531188,2,Month-to-month,Fiber optic,Electronic check,84.05,186.05,0,No,Immediate retention outreach; investigate service issues; offer contract incentive and support package.
1157-BQCUW,High-Risk Short-Tenure Customers,Critical,High Risk,0.9066942271342797,1,Month-to-month,Fiber optic,Electronic check,74.95,74.95,0,Yes,Immediate retention outreach; investigate service issues; offer contract incentive and support package.
0723-DRCLG,High-Risk Short-Tenure Customers,Critical,High Risk,0.90627400132645,1,Month-to-month,Fiber optic,Electronic check,74.45,74.45,0,Yes,Immediate retention outreach; investigate service issues; offer contract incentive and support package.
6358-LYNGM,High-Risk Short-Tenure Customers,Critical,High Risk,0.9059744517058335,1,Month-to-month,Fiber optic,Electronic check,74.9,74.9,0,Yes,Immediate retention outreach; investigate service issues; offer contract incentive and support package.
6653-CBBOM,High-Risk Short-Tenure Customers,Critical,High Risk,0.90576721670958,1,Month-to-month,Fiber optic,Electronic check,70.3,70.3,0,Yes,Immediate retention outreach; investigate service issues; offer contract incentive and support package.
8473-VUVJN,High-Risk Short-Tenure Customers,Critical,High Risk,0.905612128533967,1,Month-to-month,Fiber optic,Electronic check,73.65,73.65,0,Yes,Immediate retention outreach; investigate service issues; offer contract incentive and support package.
6513-EECDB,High-Risk Short-Tenure Customers,Critical,High Risk,0.9054507474527433,1,Month-to-month,Fiber optic,Electronic check,73.55,73.55,0,Yes,Immediate retention outreach; investigate service issues; offer contract incentive and support package.
3068-OMWZA,High-Risk Short-Tenure Customers,Critical,High Risk,0.9053917046285657,1,Month-to-month,Fiber optic,Electronic check,88.8,88.8,0,Yes,Immediate retention outreach; investigate service issues; offer contract incentive and support package.
1374-DMZUI,High-Risk Short-Tenure Customers,Critical,High Risk,0.9049511943078642,4,Month-to-month,Fiber optic,Electronic check,94.3,424.45,0,Yes,Immediate retention outreach; investigate service issues; offer contract incentive and support package.
2636-ALXXZ,High-Risk Short-Tenure Customers,Critical,High Risk,0.9046705135978225,1,Month-to-month,Fiber optic,Electronic check,69.6,69.6,0,Yes,Immediate retention outreach; investigate service issues; offer contract incentive and support package.
9804-ICWBG,High-Risk Short-Tenure Customers,Critical,High Risk,0.9046019086526023,1,Month-to-month,Fiber optic,Electronic check,69.9,69.9,0,Yes,Immediate retention outreach; investigate service issues; offer contract incentive and support package.
5542-TBBWB,High-Risk Short-Tenure Customers,Critical,High Risk,0.9046019086526023,1,Month-to-month,Fiber optic,Electronic check,69.9,69.9,0,No,Immediate retention outreach; investigate service issues; offer contract incentive and support package.
4702-IOQDC,High-Risk Short-Tenure Customers,Critical,High Risk,0.9045961872231248,1,Month-to-month,Fiber optic,Electronic check,70.1,70.1,0,Yes,Immediate retention outreach; investigate service issues; offer contract incentive and support package.
0328-GRPMV,High-Risk Short-Tenure Customers,Critical,High Risk,0.9045961872231248,1,Month-to-month,Fiber optic,Electronic check,70.1,70.1,0,Yes,Immediate retention outreach; investigate service issues; offer contract incentive and support package.
3428-XZMAZ,High-Risk Short-Tenure Customers,Critical,High Risk,0.9041961379047931,1,Month-to-month,Fiber optic,Electronic check,69.35,69.35,0,Yes,Immediate retention outreach; investigate service issues; offer contract incentive and support package.
6502-MJQAE,High-Risk Short-Tenure Customers,Critical,High Risk,0.9041628272895068,1,Month-to-month,Fiber optic,Electronic check,69.6,69.6,0,Yes,Immediate retention outreach; investigate service issues; offer contract incentive and support package.
7665-TOALD,High-Risk Short-Tenure Customers,Critical,High Risk,0.9040673242711625,1,Month-to-month,Fiber optic,Electronic check,69.6,69.6,0,Yes,Immediate retention outreach; investigate service issues; offer contract incentive and support package.
5539-TMZLF,High-Risk Short-Tenure Customers,Critical,High Risk,0.903925301963046,1,Month-to-month,Fiber optic,Electronic check,69.75,69.75,0,Yes,Immediate retention outreach; investigate service issues; offer contract incentive and support package.
5597-GLBUC,High-Risk Short-Tenure Customers,Critical,High Risk,0.90347029463647,1,Month-to-month,Fiber optic,Electronic check,85.45,85.45,0,Yes,Immediate retention outreach; investigate service issues; offer contract incentive and support package.
4695-WJZUE,High-Risk Short-Tenure Customers,Critical,High Risk,0.9031820300254164,2,Month-to-month,Fiber optic,Electronic check,88.55,179.25,0,Yes,Immediate retention outreach; investigate service issues; offer contract incentive and support package.
6023-YEBUP,High-Risk Short-Tenure Customers,Critical,High Risk,0.9030685205734221,3,Month-to-month,Fiber optic,Electronic check,100.95,329.95,0,Yes,Immediate retention outreach; investigate service issues; offer contract incentive and support package.
0488-GSLFR,High-Risk Short-Tenure Customers,Critical,High Risk,0.9030574795709415,1,Month-to-month,Fiber optic,Electronic check,69.5,69.5,0,Yes,Immediate retention outreach; investigate service issues; offer contract incentive and support package.
4550-EVXNY,High-Risk Short-Tenure Customers,Critical,High Risk,0.9021649169429278,1,Month-to-month,Fiber optic,Electronic check,69.65,69.65,0,Yes,Immediate retention outreach; investigate service issues; offer contract incentive and support package.
7660-HDPJV,High-Risk Short-Tenure Customers,Critical,High Risk,0.9013183434648294,1,Month-to-month,Fiber optic,Electronic check,69.2,69.2,0,Yes,Immediate retention outreach; investigate service issues; offer contract incentive and support package.
1833-VGRUM,High-Risk Short-Tenure Customers,Critical,High Risk,0.9012449408932965,1,Month-to-month,Fiber optic,Electronic check,74.2,74.2,0,Yes,Immediate retention outreach; investigate service issues; offer contract incentive and support package.
4273-MBHYA,High-Risk Short-Tenure Customers,Critical,High Risk,0.9010813700194273,1,Month-to-month,Fiber optic,Electronic check,89.35,89.35,0,No,Immediate retention outreach; investigate service issues; offer contract incentive and support package.
4871-JTKJF,High-Risk Short-Tenure Customers,Critical,High Risk,0.9010145684977626,1,Month-to-month,Fiber optic,Electronic check,69.65,69.65,0,Yes,Immediate retention outreach; investigate service issues; offer contract incentive and support package.
8375-DKEBR,High-Risk Short-Tenure Customers,Critical,High Risk,0.9010145684977626,1,Month-to-month,Fiber optic,Electronic check,69.6,69.6,0,Yes,Immediate retention outreach; investigate service issues; offer contract incentive and support package.
2609-IAICY,High-Risk Short-Tenure Customers,Critical,High Risk,0.9010007231775243,1,Month-to-month,Fiber optic,Electronic check,77.15,77.15,0,Yes,Immediate retention outreach; investigate service issues; offer contract incentive and support package.
4415-IJZTP,High-Risk Short-Tenure Customers,Critical,High Risk,0.9009475091962587,1,Month-to-month,Fiber optic,Electronic check,74.5,74.5,0,Yes,Immediate retention outreach; investigate service issues; offer contract incentive and support package.
3765-JXVKY,High-Risk Short-Tenure Customers,Critical,High Risk,0.9008539954685112,1,Month-to-month,Fiber optic,Electronic check,74.7,74.7,0,Yes,Immediate retention outreach; investigate service issues; offer contract incentive and support package.
2202-CUYXZ,High-Risk Short-Tenure Customers,Critical,High Risk,0.9007997124690257,1,Month-to-month,Fiber optic,Electronic check,84.85,84.85,0,Yes,Immediate retention outreach; investigate service issues; offer contract incentive and support package.
8309-IEYJD,High-Risk Short-Tenure Customers,Critical,High Risk,0.9007130982612063,1,Month-to-month,Fiber optic,Mailed check,70.6,70.6,0,No,Immediate retention outreach; investigate service issues; offer contract incentive and support package.
9605-WGJVW,High-Risk Short-Tenure Customers,Critical,High Risk,0.9007124684600559,1,Month-to-month,Fiber optic,Electronic check,70.2,70.2,0,No,Immediate retention outreach; investigate service issues; offer contract incentive and support package.
1143-NMNQJ,High-Risk Short-Tenure Customers,Critical,High Risk,0.8998955987508332,2,Month-to-month,Fiber optic,Electronic check,85.7,169.8,0,Yes,Immediate retention outreach; investigate service issues; offer contract incentive and support package.
3494-JCHRQ,High-Risk Short-Tenure Customers,Critical,High Risk,0.8998799003206339,1,Month-to-month,Fiber optic,Electronic check,70.05,70.05,0,Yes,Immediate retention outreach; investigate service issues; offer contract incentive and support package.
4102-OQUPX,High-Risk Short-Tenure Customers,Critical,High Risk,0.8996693248064201,1,Month-to-month,Fiber optic,Electronic check,74.4,74.4,0,Yes,Immediate retention outreach; investigate service issues; offer contract incentive and support package.
9603-OAIHC,High-Risk Short-Tenure Customers,Critical,High Risk,0.8996117954783447,1,Month-to-month,Fiber optic,Electronic check,70.05,70.05,0,No,Immediate retention outreach; investigate service issues; offer contract incentive and support package.
3489-HHPFY,High-Risk Short-Tenure Customers,Critical,High Risk,0.8996078930737824,2,Month-to-month,Fiber optic,Electronic check,84.05,134.05,0,No,Immediate retention outreach; investigate service issues; offer contract incentive and support package.
8062-YBDOE,High-Risk Short-Tenure Customers,Critical,High Risk,0.8995884462636229,1,Month-to-month,Fiber optic,Electronic check,69.65,69.65,0,Yes,Immediate retention outreach; investigate service issues; offer contract incentive and support package.
7254-IQWOZ,High-Risk Short-Tenure Customers,Critical,High Risk,0.8993382045160287,1,Month-to-month,Fiber optic,Electronic check,69.65,69.65,0,Yes,Immediate retention outreach; investigate service issues; offer contract incentive and support package.
1820-TQVEV,High-Risk Short-Tenure Customers,Critical,High Risk,0.8993382045160287,1,Month-to-month,Fiber optic,Electronic check,69.55,69.55,0,Yes,Immediate retention outreach; investigate service issues; offer contract incentive and support package.
